id,lang,label,HuggingFaceTB/SmolLM3-3B,microsoft/Phi-3.5-mini-instruct,tiiuae/Falcon3-3B-Instruct,Qwen/Qwen2.5-Omni-7B,google/gemma-3n-E4B-it,meta-llama/Llama-3.1-8B-Instruct,Qwen/Qwen2.5-7B-Instruct
en_1021,en,0,0,0,1,0,0,0,0
en_1496,en,0,0,0,1,0,0,0,0
en_1312,en,1,1,1,0,1,1,0,1
en_469,en,0,0,0,1,1,0,0,0
en_565,en,0,0,1,1,1,0,0,0
en_1610,en,0,0,0,0,0,0,0,0
en_1189,en,0,0,0,0,0,0,0,0
en_181,en,0,0,0,0,0,0,0,0
en_585,en,0,0,0,1,0,0,0,0
en_845,en,0,0,0,0,0,0,0,0
en_1048,en,0,1,0,1,0,1,0,1
en_370,en,0,0,0,1,1,0,0,1
en_1063,en,0,0,0,1,0,0,0,0
en_1060,en,0,0,1,1,0,0,0,1
en_999,en,0,0,0,0,0,0,0,0
en_501,en,0,0,0,1,0,0,0,0
en_1034,en,0,0,0,1,0,0,0,0
en_641,en,0,0,0,0,0,0,0,0
en_1328,en,0,0,0,1,0,0,0,0
en_724,en,0,0,0,0,0,0,0,0
en_1753,en,0,1,1,1,1,1,0,0
en_723,en,0,0,0,0,0,0,0,0
en_468,en,0,1,1,1,0,0,0,1
en_1431,en,0,0,0,1,0,0,0,0
en_1396,en,0,0,0,0,0,0,0,0
en_1476,en,0,0,0,1,0,0,0,0
en_1414,en,0,0,0,1,0,0,0,0
en_260,en,0,0,0,1,0,0,0,1
en_943,en,0,0,0,1,1,1,0,1
en_1108,en,1,0,1,1,1,1,1,1
en_513,en,0,0,0,0,0,0,0,0
en_1179,en,0,1,0,1,1,1,0,0
en_654,en,0,0,0,1,0,0,0,0
en_813,en,0,0,0,0,0,0,0,0
en_1248,en,0,0,0,1,0,0,0,0
en_1089,en,0,0,0,0,0,0,0,0
en_547,en,0,1,1,1,1,1,1,1
en_1365,en,0,0,0,0,0,0,0,0
en_1849,en,0,0,0,0,0,0,0,0
en_1284,en,0,0,0,1,0,0,0,0
en_1342,en,0,0,0,1,0,0,0,0
en_1782,en,0,0,0,0,0,0,0,0
en_443,en,0,0,0,0,0,0,0,0
en_932,en,0,0,0,0,0,0,0,0
en_836,en,0,0,0,0,0,0,0,0
en_701,en,0,0,0,0,0,0,0,0
en_1798,en,0,0,1,0,0,1,0,0
en_1352,en,0,1,0,1,1,1,0,1
en_135,en,0,0,0,0,0,0,0,0
en_831,en,0,0,0,1,0,0,0,0
en_581,en,0,0,0,1,0,0,0,0
en_1641,en,0,0,0,0,0,0,0,0
en_1399,en,0,0,0,0,0,0,0,0
en_1839,en,0,0,0,0,0,0,0,0
en_1017,en,0,1,0,1,1,0,0,0
en_1864,en,0,0,0,0,0,0,0,0
en_213,en,0,0,0,1,0,0,0,0
en_1330,en,0,0,0,1,0,0,0,0
en_807,en,0,0,0,0,0,0,0,0
en_1043,en,0,0,0,0,0,0,0,0
en_1664,en,0,0,0,0,0,0,0,0
en_1187,en,1,1,1,1,1,1,1,1
en_1227,en,0,0,0,0,0,0,0,0
en_1266,en,0,0,0,1,1,1,0,0
en_1647,en,0,0,0,1,0,0,0,0
en_1355,en,0,0,0,0,0,0,0,0
en_1620,en,0,0,0,1,0,0,0,0
en_1011,en,0,0,0,0,0,1,0,0
en_248,en,0,0,0,0,0,0,0,0
en_766,en,1,1,1,1,1,0,0,1
en_1732,en,0,0,0,0,0,0,0,0
en_239,en,0,0,0,1,0,0,0,0
en_956,en,1,0,0,1,0,0,0,0
en_1488,en,0,0,0,0,0,0,0,0
en_830,en,0,0,0,1,0,1,0,0
en_456,en,0,0,0,1,0,0,0,0
en_975,en,0,0,1,1,0,0,0,0
en_352,en,0,0,0,1,0,0,0,0
en_1250,en,1,1,1,1,1,1,1,1
en_1630,en,0,0,0,1,0,0,0,0
en_1702,en,0,1,1,1,1,1,0,1
en_572,en,0,0,0,1,1,0,0,0
en_1209,en,0,0,0,1,0,0,0,0
en_1257,en,0,0,0,1,0,0,0,0
en_1153,en,0,0,0,0,0,0,0,0
en_286,en,1,1,1,1,1,1,1,1
en_998,en,0,0,0,0,0,0,0,0
en_1315,en,0,0,0,0,0,0,0,0
en_1045,en,0,0,0,1,0,0,0,0
en_795,en,0,0,0,1,0,0,0,0
en_518,en,0,0,0,1,0,0,0,0
en_1842,en,0,1,1,1,1,1,1,1
en_1158,en,0,0,0,0,0,0,0,0
en_1797,en,0,0,0,0,0,0,0,0
en_1770,en,0,0,0,0,0,0,0,0
en_534,en,0,0,0,1,0,0,0,0
en_342,en,0,0,0,0,0,0,0,0
en_712,en,0,0,0,1,1,1,0,1
en_969,en,0,0,0,0,0,0,0,0
en_237,en,0,0,0,1,0,0,0,0
en_1220,en,0,0,0,1,0,0,0,0
en_406,en,0,0,0,1,0,0,0,0
en_1784,en,0,0,0,0,0,0,0,0
en_344,en,0,0,0,1,0,0,0,0
en_268,en,0,0,0,1,0,0,0,0
en_1555,en,0,0,0,0,0,0,0,0
en_1539,en,1,0,0,0,0,0,0,0
en_1800,en,0,0,0,0,0,0,0,0
en_783,en,0,1,0,1,1,0,0,1
en_455,en,0,0,0,0,0,0,0,0
en_994,en,0,0,0,1,0,0,0,0
en_142,en,0,0,0,1,0,1,0,1
en_348,en,0,0,0,1,0,0,0,0
en_1242,en,0,0,0,1,1,1,1,0
en_865,en,0,0,0,1,0,0,0,1
en_1104,en,0,0,0,0,1,1,0,0
en_922,en,0,0,0,1,0,1,0,1
en_1777,en,0,0,0,1,0,0,0,0
en_358,en,0,1,0,1,0,0,0,0
en_828,en,0,0,0,1,0,0,0,0
en_1600,en,0,0,0,1,0,0,0,0
en_1591,en,1,0,0,1,0,0,0,0
en_1263,en,0,0,0,0,0,0,0,0
en_318,en,0,1,0,1,1,1,0,0
en_150,en,0,1,0,1,0,1,0,0
en_698,en,0,0,0,0,0,0,0,0
en_1313,en,0,0,0,1,0,0,0,0
en_903,en,0,0,0,1,0,0,0,0
en_1724,en,0,0,0,0,0,0,0,0
en_859,en,1,0,1,0,1,0,0,1
en_140,en,0,0,0,0,0,0,0,0
en_778,en,0,0,0,1,0,0,0,0
en_1385,en,0,0,0,0,0,0,0,0
en_1845,en,0,0,0,1,0,0,0,0
en_691,en,0,0,0,1,0,0,0,0
en_1435,en,0,0,0,0,0,0,0,0
en_1470,en,0,1,0,1,1,1,0,0
en_1400,en,0,1,0,1,1,1,1,0
en_1367,en,0,1,1,1,1,1,0,1
en_1008,en,0,0,0,0,0,0,0,0
en_308,en,0,0,0,1,0,0,0,0
en_905,en,1,0,1,1,0,0,0,0
en_193,en,0,1,1,0,0,1,0,1
en_1156,en,0,0,0,1,0,0,0,0
en_1861,en,0,0,0,1,0,1,0,1
en_1100,en,1,1,1,1,1,1,1,1
en_411,en,0,0,0,1,1,1,0,1
en_516,en,0,0,0,1,0,0,0,0
en_1010,en,0,0,0,0,0,0,0,0
en_1258,en,0,0,0,0,0,0,0,0
en_1612,en,0,0,0,0,0,0,0,0
en_961,en,0,0,0,1,0,0,0,0
en_632,en,0,1,1,0,0,1,0,1
en_629,en,0,0,0,0,0,0,0,0
en_492,en,0,0,0,0,0,0,0,0
en_1690,en,0,0,1,1,0,0,0,0
en_719,en,1,1,0,0,0,0,0,0
en_1672,en,1,1,1,1,1,1,1,1
en_1091,en,1,1,1,1,1,1,0,1
en_1840,en,0,1,1,1,1,1,1,1
en_1345,en,0,0,0,1,0,1,0,0
en_1128,en,0,0,0,0,0,0,0,0
en_1329,en,0,0,0,0,0,0,0,0
en_1377,en,0,0,1,1,1,0,0,1
en_392,en,1,1,1,1,1,1,1,1
en_1259,en,0,0,0,0,0,0,0,0
en_1188,en,0,0,0,1,0,0,0,0
en_941,en,0,0,0,1,0,0,0,0
en_661,en,0,0,0,0,0,0,0,0
en_1516,en,0,0,1,1,1,1,0,1
en_331,en,0,0,1,1,0,0,0,1
en_949,en,0,0,0,1,0,0,0,0
en_1194,en,0,0,0,1,0,0,0,0
en_1383,en,0,0,0,0,0,1,0,0
en_822,en,0,0,0,0,0,0,0,0
en_1300,en,0,0,0,1,0,0,0,0
en_1066,en,0,0,0,0,0,0,0,0
en_473,en,0,1,1,1,1,1,1,1
en_1678,en,0,0,0,0,0,0,0,0
en_109,en,1,0,1,1,0,0,0,0
en_234,en,0,1,1,1,1,1,0,0
en_1311,en,0,0,0,0,0,0,0,0
en_1730,en,0,0,0,0,0,0,0,0
en_689,en,0,0,0,0,0,0,0,0
en_1428,en,0,0,0,1,0,0,0,0
en_1659,en,0,0,0,0,0,0,0,0
en_329,en,1,1,1,1,1,1,1,1
en_461,en,0,0,0,0,0,0,0,0
en_1272,en,0,1,1,0,1,1,1,1
en_990,en,0,0,0,1,0,0,0,0
en_1409,en,0,0,0,1,0,0,0,0
en_736,en,0,0,0,0,0,1,0,0
en_101,en,0,0,0,0,0,0,0,0
en_978,en,0,0,0,0,0,0,0,0
en_1469,en,0,0,0,0,0,0,0,0
en_315,en,0,1,1,1,1,1,0,1
en_1621,en,0,0,1,1,1,1,0,1
en_1411,en,0,0,0,0,0,0,0,0
en_1631,en,0,0,0,0,0,0,0,0
en_883,en,0,0,0,0,0,0,0,0
en_338,en,0,0,0,1,0,1,0,0
en_1402,en,1,0,0,1,0,0,0,1
en_326,en,0,0,0,0,0,0,0,0
en_1526,en,0,0,0,0,0,1,0,0
en_1084,en,0,0,0,0,0,0,0,0
en_1077,en,0,0,0,0,0,0,0,0
en_615,en,0,0,0,0,0,0,0,0
en_864,en,0,0,0,0,0,0,0,0
en_139,en,0,0,1,1,1,1,0,1
en_1695,en,1,1,1,1,1,1,1,1
en_867,en,1,1,0,1,0,1,1,1
en_1790,en,0,0,0,1,0,0,0,0
en_220,en,0,0,0,1,0,0,0,0
en_846,en,0,0,0,1,0,0,0,0
en_1200,en,1,0,0,1,0,0,0,0
en_523,en,0,0,0,1,0,0,0,0
en_849,en,1,0,0,0,0,0,0,0
en_161,en,1,0,0,1,1,1,0,0
en_877,en,1,1,0,1,1,1,0,1
en_757,en,0,0,0,0,0,0,0,0
en_1443,en,0,0,1,1,0,0,0,0
en_1708,en,0,0,1,1,0,0,0,0
en_1883,en,0,0,0,1,0,0,0,0
en_834,en,0,0,0,1,0,0,0,0
en_1261,en,0,0,0,1,0,0,0,0
en_1243,en,0,0,0,0,0,0,0,0
en_1281,en,0,0,0,1,0,1,0,0
en_1056,en,0,0,1,0,0,0,0,1
en_1445,en,1,1,1,1,1,1,0,1
en_225,en,0,0,0,0,0,0,0,0
en_222,en,0,0,0,1,0,1,0,0
en_1649,en,0,0,0,0,0,0,0,0
en_414,en,0,1,1,1,1,1,1,1
en_1384,en,0,0,0,1,0,0,0,0
en_113,en,0,0,0,0,0,0,0,0
en_1142,en,0,1,1,1,1,1,0,1
en_472,en,0,0,0,0,0,0,0,0
en_219,en,0,0,0,0,0,0,0,0
en_1150,en,0,0,0,1,0,0,0,0
en_573,en,0,0,1,1,1,0,0,0
en_610,en,0,0,0,0,0,0,0,0
en_1507,en,0,0,0,0,0,0,0,0
en_284,en,0,0,1,1,0,1,0,0
en_459,en,0,1,0,1,0,0,0,1
en_178,en,0,0,0,0,0,0,0,0
en_670,en,0,0,0,1,0,0,0,0
en_720,en,0,0,0,0,0,0,0,0
en_1572,en,0,1,1,1,1,1,0,1
en_1296,en,0,0,0,1,0,0,0,0
en_1020,en,0,0,0,0,0,0,0,0
en_1024,en,0,0,0,0,0,0,0,0
en_753,en,0,1,0,1,0,0,0,0
en_840,en,0,0,0,1,0,0,0,0
en_553,en,0,0,0,0,0,0,0,0
en_756,en,0,1,0,1,1,0,0,0
en_1237,en,0,0,0,1,0,0,0,0
en_1161,en,0,0,0,1,0,0,0,0
en_1061,en,0,0,0,1,0,0,0,0
en_1768,en,0,0,0,1,0,0,0,0
en_1473,en,1,1,1,1,1,1,0,1
en_761,en,0,0,0,1,0,0,0,0
en_1819,en,0,0,0,0,0,0,0,0
en_809,en,0,0,0,1,1,1,0,0
en_1310,en,0,0,0,1,0,0,0,0
en_844,en,0,0,0,0,0,0,0,0
en_1816,en,0,0,1,1,1,1,0,1
en_1276,en,0,0,0,1,0,0,0,0
en_841,en,1,0,0,0,0,0,0,0
en_526,en,0,0,0,1,1,1,0,0
en_1700,en,0,0,0,1,0,0,0,0
en_343,en,0,0,0,0,0,0,0,0
en_957,en,0,0,0,0,0,0,0,0
en_1323,en,0,0,0,1,0,0,0,0
en_1472,en,0,0,0,0,0,1,0,0
en_1613,en,0,0,0,1,0,0,0,0
en_623,en,0,0,0,1,0,0,0,0
en_209,en,0,0,0,1,0,0,0,0
en_938,en,1,0,0,1,0,0,0,0
en_384,en,0,0,0,0,0,0,0,1
en_1461,en,0,0,0,0,0,1,0,1
en_1738,en,0,0,0,0,0,0,0,0
en_1642,en,0,0,0,1,0,0,0,0
en_365,en,0,1,1,1,1,1,1,1
en_360,en,0,0,0,1,0,0,0,0
en_372,en,0,0,0,0,0,0,0,0
en_1254,en,1,1,1,1,1,1,1,1
en_533,en,0,0,0,0,0,0,0,0
en_977,en,1,0,0,1,0,0,0,0
en_947,en,1,1,0,1,0,0,0,0
en_1444,en,0,0,0,0,0,0,0,0
en_1386,en,0,0,0,0,0,0,0,0
en_1191,en,0,0,0,0,0,0,0,0
en_1049,en,0,0,0,0,0,0,0,0
en_1494,en,0,0,0,0,0,0,0,0
en_155,en,0,0,0,1,1,0,0,0
en_405,en,0,0,0,0,0,0,0,0
en_146,en,0,0,0,1,0,1,0,0
en_898,en,0,0,0,0,0,0,0,0
en_1511,en,0,0,0,1,0,0,0,0
en_325,en,0,0,0,1,0,0,0,0
en_1079,en,0,0,0,1,0,0,0,0
en_1755,en,0,0,1,1,1,1,1,1
en_126,en,0,0,0,1,1,1,0,0
en_1124,en,0,0,0,1,0,0,0,0
en_1073,en,0,0,0,1,0,0,0,0
en_1579,en,0,0,1,1,0,0,1,0
en_479,en,0,1,0,1,0,1,0,0
en_498,en,0,1,1,1,1,1,1,1
en_310,en,0,0,0,1,0,0,0,0
en_394,en,0,0,0,1,0,0,0,0
en_274,en,0,0,0,1,0,0,0,0
en_1219,en,0,0,1,1,1,0,0,0
en_1075,en,0,0,0,1,0,1,0,0
en_1656,en,0,0,0,0,0,0,0,0
en_1729,en,0,0,0,0,0,0,0,0
en_1615,en,0,0,0,0,0,0,0,0
en_835,en,1,0,1,1,0,0,0,0
en_118,en,0,0,0,0,0,0,0,0
en_281,en,0,1,0,1,0,1,0,1
en_514,en,0,0,0,1,1,0,0,1
en_1706,en,0,0,0,1,0,0,0,0
en_309,en,0,0,0,0,0,0,0,0
en_1195,en,0,1,0,1,1,1,0,1
en_979,en,0,0,0,1,0,0,0,0
en_1468,en,0,0,0,1,0,1,0,0
en_278,en,0,0,0,0,1,0,0,1
en_1022,en,0,0,0,1,0,1,0,0
en_328,en,0,0,0,1,0,0,0,0
en_1608,en,0,0,0,0,0,0,0,0
en_928,en,0,0,0,1,0,0,0,0
en_1317,en,0,1,0,0,0,1,0,0
en_1277,en,0,0,0,0,0,0,0,0
en_1160,en,0,0,0,1,1,0,0,1
en_731,en,0,0,1,1,0,0,0,0
en_172,en,0,0,0,1,0,0,0,0
en_1795,en,0,0,0,0,0,0,0,0
en_1854,en,0,0,0,0,0,0,0,0
en_923,en,1,1,1,1,1,0,1,1
en_480,en,0,0,0,0,0,0,0,0
en_1126,en,0,1,0,1,0,1,1,1
en_159,en,1,0,0,1,0,0,0,0
en_781,en,0,0,0,0,0,1,0,0
en_996,en,1,0,1,0,0,1,0,1
en_1451,en,1,0,0,0,0,0,0,0
en_1856,en,0,0,0,0,0,0,0,0
en_491,en,0,0,0,0,0,0,0,0
en_694,en,0,0,0,0,0,0,0,0
en_324,en,0,0,0,0,0,0,0,0
en_900,en,0,0,0,1,0,0,0,0
en_1432,en,0,1,0,1,1,1,0,0
en_1462,en,0,0,0,1,0,0,0,0
en_1491,en,0,0,0,0,0,0,0,0
en_1374,en,0,1,1,1,0,0,0,1
en_1165,en,0,0,0,0,0,0,0,0
en_145,en,0,0,0,1,0,0,0,0
en_618,en,0,0,0,1,0,0,0,0
en_1082,en,0,0,0,0,0,0,0,0
en_137,en,0,0,0,0,0,0,0,0
en_290,en,0,0,0,1,0,1,0,0
en_1023,en,0,0,0,1,0,0,0,0
en_1202,en,0,1,1,0,0,0,1,1
en_345,en,0,0,1,1,1,1,0,0
en_1697,en,0,0,0,0,0,0,0,0
en_470,en,0,1,1,1,0,1,0,1
en_1825,en,0,0,0,0,0,0,0,0
en_177,en,0,0,0,1,1,0,0,1
en_711,en,0,0,0,0,0,0,0,0
en_477,en,0,0,0,1,0,0,0,0
en_428,en,0,0,0,1,1,0,0,0
en_988,en,0,0,0,1,0,0,0,0
en_548,en,0,1,1,1,1,0,0,0
en_1378,en,0,0,0,0,0,0,0,0
en_1823,en,0,0,0,0,0,0,0,1
en_231,en,0,0,0,0,1,0,0,0
en_1848,en,0,0,0,0,0,0,0,0
en_1307,en,0,1,0,1,0,0,0,0
en_1722,en,0,0,0,0,0,0,0,0
en_819,en,1,0,0,1,0,1,0,1
en_1622,en,0,0,0,1,0,0,0,0
en_458,en,0,0,0,1,1,0,0,0
en_1392,en,0,0,0,0,0,0,0,0
en_1295,en,0,0,0,0,0,0,0,0
en_1207,en,0,0,1,0,0,0,0,0
en_1843,en,0,0,0,1,0,0,0,0
en_1071,en,0,0,0,0,0,0,0,0
en_236,en,0,0,0,1,0,0,0,1
en_180,en,0,0,0,1,0,0,0,0
en_1693,en,0,0,0,1,0,0,0,0
en_950,en,0,0,0,0,0,0,0,0
en_954,en,0,0,0,1,0,1,0,0
en_1335,en,0,0,0,1,0,0,0,0
en_716,en,0,0,0,0,0,0,0,0
en_267,en,0,0,0,0,0,0,0,0
en_955,en,0,0,0,1,0,1,0,1
en_789,en,0,0,0,0,1,1,0,0
en_346,en,0,0,1,1,0,1,0,0
en_1137,en,0,1,0,1,1,0,0,1
en_397,en,0,0,0,1,0,0,0,0
en_1844,en,0,0,0,1,0,0,0,0
en_1247,en,0,0,0,1,1,0,0,0
en_435,en,0,0,0,1,0,0,0,0
en_1688,en,1,1,1,1,1,1,1,1
en_1181,en,0,1,0,1,1,1,1,1
en_1393,en,0,0,0,0,0,0,0,1
en_1870,en,0,0,0,1,0,0,0,0
en_1226,en,0,0,0,0,0,0,0,1
en_1500,en,0,1,0,1,0,1,0,0
en_334,en,0,0,0,0,0,0,0,0
en_682,en,0,0,0,0,0,0,0,0
en_223,en,0,0,0,1,0,0,0,0
en_673,en,0,0,0,1,0,0,0,0
en_917,en,0,0,0,1,1,0,1,1
en_1737,en,0,0,0,0,0,0,0,0
en_684,en,0,1,1,1,1,1,1,0
en_1088,en,0,0,0,0,0,0,0,0
en_1279,en,0,0,0,1,0,0,0,0
en_745,en,0,0,0,0,0,0,0,0
en_897,en,0,1,0,1,1,1,0,0
en_1726,en,0,0,0,0,1,0,0,1
en_508,en,0,0,0,1,0,0,0,0
en_899,en,0,0,0,1,0,0,0,0
en_651,en,0,0,0,1,0,0,0,0
en_904,en,0,0,0,1,0,0,0,0
en_799,en,0,0,0,0,0,0,0,0
en_1116,en,1,1,1,1,0,1,0,0
en_522,en,0,0,0,1,0,0,0,0
en_122,en,1,1,1,1,1,1,1,1
en_380,en,0,0,0,1,0,0,0,0
en_580,en,0,0,0,0,0,0,0,0
en_1004,en,0,1,1,1,1,1,1,1
en_749,en,0,1,0,1,0,1,0,0
en_134,en,0,0,0,0,0,0,0,0
en_103,en,0,0,0,1,1,1,1,1
en_677,en,0,1,0,1,0,0,0,1
en_1554,en,0,0,0,1,1,1,0,1
en_445,en,0,0,0,1,0,0,0,0
en_604,en,0,1,1,1,1,1,1,1
en_1423,en,0,0,0,0,0,0,0,0
en_717,en,0,0,0,1,0,0,0,0
en_1327,en,0,0,0,1,0,0,0,0
en_1232,en,0,0,0,0,0,0,0,0
en_303,en,0,0,0,1,0,0,0,0
en_640,en,0,0,0,0,0,0,0,0
en_613,en,0,1,0,1,0,0,0,0
en_1868,en,0,0,0,0,0,0,0,0
en_1139,en,0,1,0,1,0,1,1,0
en_708,en,0,0,0,1,0,1,0,0
en_389,en,0,0,0,0,0,0,0,0
en_622,en,0,0,0,1,0,1,0,0
en_1283,en,0,0,0,0,0,0,0,0
en_965,en,0,0,0,0,0,0,0,0
en_184,en,1,1,1,1,0,0,1,0
en_852,en,0,0,0,0,0,0,0,0
en_1530,en,0,0,0,1,0,0,0,0
en_1236,en,1,0,0,0,0,0,0,0
en_261,en,0,1,1,1,1,0,1,0
en_1575,en,0,1,1,1,0,0,1,1
en_1892,en,0,1,1,1,1,1,1,1
en_631,en,0,1,0,1,0,1,1,0
en_653,en,0,1,1,1,0,1,1,1
en_1657,en,0,0,0,0,0,0,0,0
en_1356,en,0,0,0,1,0,1,0,0
en_1869,en,0,0,0,1,1,1,0,0
en_536,en,0,1,0,1,0,1,0,0
en_226,en,0,0,0,1,0,0,0,0
en_1274,en,0,1,1,0,0,1,0,1
en_843,en,0,0,0,0,0,0,0,1
en_1885,en,0,0,0,0,0,0,0,0
en_768,en,0,0,0,0,0,0,0,0
en_475,en,0,0,0,0,0,0,0,0
en_1459,en,0,0,0,1,0,0,0,1
en_186,en,0,0,0,0,0,0,0,0
en_1222,en,0,0,0,1,0,0,0,0
en_1132,en,0,0,0,0,0,0,0,0
en_1731,en,0,0,0,0,0,0,0,0
en_385,en,0,0,0,1,0,0,1,1
en_1636,en,0,0,0,1,0,0,0,0
en_1282,en,0,0,0,0,1,1,0,0
en_1251,en,0,0,0,0,0,0,0,1
en_1534,en,0,0,0,1,0,0,0,0
en_1047,en,0,0,0,0,0,0,0,0
en_578,en,0,0,0,1,0,0,0,0
en_1862,en,0,0,0,0,0,0,0,0
en_1339,en,0,1,0,1,0,1,0,0
en_1774,en,0,1,1,1,1,1,1,1
en_214,en,0,0,0,0,0,0,0,0
en_986,en,0,0,0,1,0,0,0,0
en_1140,en,0,0,0,1,0,1,0,0
en_557,en,0,0,0,1,0,0,0,0
en_465,en,0,0,0,1,0,0,0,0
en_376,en,0,0,0,0,0,0,0,0
en_269,en,0,0,0,1,1,1,1,0
en_1359,en,0,0,1,0,1,0,1,1
en_190,en,0,0,0,1,0,0,0,0
en_1440,en,0,0,0,1,0,0,0,0
en_987,en,0,0,0,1,0,0,0,0
en_626,en,0,0,0,0,0,0,0,0
en_910,en,0,0,0,1,0,0,0,0
en_117,en,0,0,0,1,0,1,0,1
en_253,en,0,0,0,0,0,0,0,0
en_227,en,0,1,1,1,0,0,0,0
en_104,en,0,0,0,0,0,0,0,0
en_1404,en,0,0,0,0,0,0,0,0
en_1203,en,1,0,0,0,1,0,0,0
en_1349,en,0,0,0,0,0,0,0,0
en_791,en,0,0,0,1,0,0,0,0
en_1406,en,0,1,1,1,1,1,0,0
en_357,en,0,0,0,1,1,1,0,1
en_1525,en,0,0,0,1,1,1,0,1
en_1394,en,0,0,0,0,0,0,0,0
en_1748,en,0,0,0,0,0,0,0,0
en_671,en,0,0,0,1,1,1,0,0
en_437,en,1,0,0,1,0,0,0,0
en_1362,en,0,1,1,1,1,1,0,0
en_210,en,0,0,1,1,1,1,0,0
en_1570,en,0,0,0,0,0,0,0,0
en_1054,en,0,0,0,0,0,0,0,0
en_154,en,0,1,1,1,1,1,1,1
en_1014,en,0,0,0,1,0,0,0,0
en_635,en,0,0,0,0,0,0,0,0
en_1547,en,0,0,0,0,0,0,0,0
en_929,en,1,0,0,1,0,0,0,1
en_936,en,0,0,0,1,1,0,0,1
en_1341,en,0,0,1,1,0,1,0,0
en_1601,en,0,0,0,0,0,0,0,0
en_591,en,0,0,0,1,0,0,1,0
en_1193,en,0,0,0,0,0,0,0,0
en_919,en,0,0,0,0,0,0,0,0
en_946,en,1,0,0,0,0,0,0,0
en_537,en,0,1,1,1,1,1,1,1
en_1709,en,0,0,0,1,0,0,0,0
en_726,en,1,1,1,1,0,1,1,1
en_108,en,0,0,0,1,0,0,0,0
en_1206,en,0,1,0,1,1,1,0,1
en_1456,en,0,0,0,0,0,0,0,0
en_1705,en,0,0,0,1,0,0,0,0
en_515,en,0,0,0,0,0,0,0,0
en_293,en,0,0,1,0,0,0,0,0
en_773,en,0,1,0,1,0,0,1,1
en_1136,en,0,0,0,1,0,0,0,0
en_1583,en,0,1,1,1,1,1,1,1
en_539,en,0,0,0,1,0,0,0,0
en_176,en,0,0,0,1,0,0,0,0
en_387,en,0,0,0,0,0,0,0,0
en_1617,en,0,0,0,0,0,0,0,0
en_123,en,1,1,1,1,1,1,1,1
en_1594,en,0,1,1,1,1,1,1,1
en_425,en,0,0,0,0,0,0,0,0
en_466,en,0,0,0,1,0,0,0,0
en_494,en,0,0,0,1,0,0,0,0
en_224,en,0,1,1,0,1,0,0,1
en_1121,en,0,0,0,0,1,0,0,0
en_200,en,0,0,0,0,0,0,0,0
en_1032,en,0,0,0,1,0,1,0,0
en_1718,en,0,0,1,1,1,0,1,1
en_1852,en,0,0,0,1,1,1,0,0
en_1098,en,0,0,0,0,0,0,0,0
en_1204,en,0,0,0,0,0,0,0,0
en_1269,en,0,0,0,1,0,0,0,0
en_1698,en,0,0,0,1,0,0,0,0
en_1401,en,0,0,0,0,1,0,1,0
en_202,en,0,0,0,1,0,0,0,0
en_853,en,0,0,0,0,0,0,0,0
en_138,en,0,0,0,0,0,0,0,0
en_1199,en,0,1,0,1,0,1,0,0
en_1780,en,0,0,0,1,1,0,0,0
en_921,en,0,0,0,1,0,0,0,1
en_409,en,0,0,0,1,1,0,0,0
en_1493,en,0,0,0,1,0,0,0,0
en_1006,en,0,0,1,1,0,1,0,0
en_855,en,1,1,0,1,0,1,0,1
en_426,en,0,1,1,1,1,1,1,1
en_926,en,1,0,1,1,1,1,0,0
en_1528,en,0,1,1,0,0,1,0,1
en_650,en,0,0,0,1,0,0,0,0
en_243,en,0,0,0,0,0,0,0,0
en_633,en,0,0,1,1,0,0,0,1
en_375,en,0,0,0,1,0,0,0,0
en_1107,en,0,1,0,1,0,1,0,0
en_1130,en,0,0,0,0,0,0,0,0
en_410,en,0,0,0,0,0,0,0,0
en_440,en,0,0,0,1,0,0,0,0
en_997,en,0,1,0,0,1,1,1,1
en_1817,en,0,0,0,0,0,0,0,0
en_1095,en,0,0,0,1,0,0,0,0
en_351,en,0,0,0,0,0,0,0,0
en_424,en,0,0,0,0,0,1,0,0
en_1894,en,0,0,0,1,0,0,0,0
en_1518,en,0,0,0,0,0,0,0,0
en_1723,en,0,0,0,0,0,0,0,0
en_1687,en,0,0,0,1,0,0,0,0
en_476,en,0,0,0,1,0,0,0,1
en_1467,en,0,0,0,0,0,1,0,0
en_1566,en,0,1,1,1,1,1,1,1
en_1618,en,0,0,0,1,0,0,0,0
en_892,en,0,0,0,1,0,0,0,0
en_1762,en,0,0,0,1,1,0,0,0
en_1436,en,0,0,0,0,0,0,0,0
en_838,en,0,0,0,0,0,0,0,0
en_658,en,0,0,1,1,0,0,0,0
en_1211,en,1,1,1,1,1,1,0,1
en_1813,en,1,1,1,1,1,1,1,1
en_1416,en,0,0,0,0,0,0,0,0
en_628,en,0,0,0,0,0,1,0,0
en_811,en,1,1,1,1,1,1,0,1
en_1531,en,0,0,0,0,0,0,0,0
en_1264,en,0,0,0,0,0,0,0,0
en_1846,en,0,0,0,1,0,0,0,0
en_561,en,0,0,0,0,0,0,0,0
en_1850,en,0,0,0,0,0,0,0,0
en_1522,en,0,0,0,1,0,0,0,0
en_1783,en,0,0,0,1,0,0,0,0
en_1353,en,0,0,0,0,0,0,0,0
en_1545,en,0,0,0,1,0,0,0,0
en_1129,en,0,0,1,0,0,0,0,1
en_1171,en,0,0,0,0,0,1,0,0
en_1415,en,0,0,0,0,0,0,0,0
en_524,en,0,0,0,0,0,0,0,0
en_1379,en,0,0,0,1,1,1,0,0
en_1788,en,0,0,0,0,0,0,0,0
en_1320,en,0,0,0,1,0,0,0,0
en_1163,en,0,0,0,0,0,0,0,0
en_798,en,0,0,0,0,0,0,0,0
en_1669,en,0,0,0,0,0,0,0,0
en_1087,en,0,0,0,1,0,0,0,0
en_1030,en,0,0,0,0,0,0,0,0
en_685,en,0,1,1,1,1,1,0,1
en_1720,en,0,0,0,1,0,0,0,0
en_1686,en,0,0,0,0,0,0,0,0
en_1057,en,0,0,0,1,0,0,0,0
en_1785,en,0,1,0,1,0,1,1,0
en_404,en,0,1,1,1,1,1,1,1
en_1524,en,0,0,0,0,0,0,0,0
en_1769,en,0,0,0,0,0,0,0,0
en_115,en,0,0,0,1,1,0,0,0
en_378,en,0,0,0,0,0,0,0,0
en_894,en,0,0,0,0,0,0,0,0
en_280,en,0,0,0,0,0,0,0,0
en_160,en,0,0,0,1,0,0,0,0
en_1064,en,0,0,0,1,1,1,0,1
en_1895,en,0,0,0,1,1,1,0,1
en_306,en,0,0,0,1,0,0,0,0
en_356,en,0,1,1,1,1,1,0,1
en_244,en,0,0,0,0,0,0,0,0
en_1157,en,0,0,0,1,1,0,0,1
en_317,en,1,0,0,0,0,0,0,0
en_609,en,0,0,0,1,0,0,0,0
en_1113,en,0,0,0,1,0,1,0,0
en_125,en,0,0,0,0,0,0,0,0
en_1168,en,0,0,0,0,0,0,0,1
en_1336,en,0,0,0,0,0,0,0,0
en_664,en,0,0,0,1,0,0,0,0
en_273,en,1,1,1,1,1,1,1,1
en_1745,en,0,0,0,0,0,0,0,0
en_532,en,0,0,0,0,0,0,0,0
en_1173,en,0,0,0,0,0,0,0,0
en_1479,en,0,0,0,1,0,1,0,0
en_242,en,1,0,0,1,0,0,0,0
en_1190,en,1,1,1,1,1,1,0,1
en_775,en,0,0,0,1,0,0,0,0
en_1519,en,0,0,0,0,0,0,0,0
en_1231,en,0,0,0,1,1,1,1,1
en_1766,en,0,0,1,1,1,0,0,1
en_252,en,0,0,0,0,0,0,0,0
en_1382,en,0,0,0,0,0,0,0,0
en_305,en,0,0,0,1,0,0,0,0
en_1174,en,0,0,0,1,0,0,0,0
en_335,en,0,0,0,0,0,0,0,0
en_1829,en,0,0,0,1,0,0,0,0
en_1713,en,0,0,0,0,0,0,0,0
en_502,en,0,0,0,1,0,1,0,0
en_913,en,1,1,0,1,1,1,0,1
en_1715,en,0,0,1,1,1,1,1,1
en_275,en,0,0,0,1,1,0,0,1
en_1074,en,0,0,0,0,0,0,0,0
en_920,en,0,0,0,0,0,0,0,0
en_555,en,0,0,0,0,0,0,0,0
en_1246,en,1,1,1,0,0,0,0,0
en_1602,en,0,0,0,0,0,0,0,0
en_1890,en,0,0,1,1,1,1,0,1
en_779,en,0,0,0,1,0,0,0,0
en_878,en,0,1,1,1,0,1,0,1
en_1286,en,0,0,0,0,0,0,0,0
en_1634,en,0,0,1,1,1,0,0,1
en_1102,en,0,0,0,1,0,0,0,0
en_463,en,1,1,1,1,1,1,1,1
en_891,en,0,0,0,1,0,0,0,0
en_875,en,0,0,0,0,0,0,0,0
en_1012,en,0,0,0,1,1,0,0,0
en_1403,en,0,1,0,1,1,1,1,1
en_1324,en,0,0,0,1,0,0,0,0
en_270,en,1,1,1,0,0,1,1,1
en_935,en,0,0,0,0,0,0,0,0
en_484,en,0,1,0,1,1,1,1,1
en_833,en,1,1,0,1,0,1,1,1
en_1804,en,1,0,1,1,1,0,0,1
en_1898,en,0,0,1,1,0,0,1,0
en_169,en,0,0,0,0,0,0,0,0
en_528,en,0,0,0,1,0,0,0,0
en_245,en,0,1,1,1,1,1,1,1
en_1593,en,0,0,0,1,0,0,0,0
en_1533,en,1,0,0,0,0,0,0,0
en_1192,en,0,0,0,0,0,0,0,0
en_506,en,0,1,0,1,0,0,0,0
en_416,en,0,0,1,0,0,0,0,1
en_1332,en,0,0,0,1,0,0,0,0
en_1704,en,0,0,0,1,0,0,0,0
en_815,en,1,0,0,1,0,0,0,0
en_1363,en,0,1,0,1,0,0,0,1
en_254,en,0,0,0,1,0,0,0,0
en_666,en,0,1,0,1,1,1,1,1
en_700,en,0,0,0,0,0,0,0,0
en_593,en,0,1,1,1,1,1,1,1
en_582,en,0,0,0,0,0,0,0,0
en_353,en,0,0,1,1,1,0,0,0
en_1674,en,0,0,0,1,0,1,1,0
en_1707,en,0,1,1,1,1,1,1,1
en_381,en,0,0,0,0,0,0,0,0
en_337,en,0,1,1,1,0,0,0,1
en_1855,en,0,0,0,1,0,0,0,0
en_1833,en,0,0,0,0,0,0,0,1
en_1322,en,0,0,0,1,0,1,0,1
en_962,en,0,0,0,0,0,0,0,0
en_1471,en,0,0,1,0,0,0,0,0
en_1509,en,0,0,0,0,0,0,0,1
en_439,en,0,0,0,0,0,0,0,0
en_1239,en,1,0,0,1,0,0,0,0
en_742,en,0,0,0,0,0,0,0,0
en_668,en,0,0,0,0,0,0,0,0
en_529,en,0,0,0,1,0,0,0,0
en_166,en,0,0,0,0,0,0,0,0
en_812,en,0,0,0,1,0,0,0,0
en_800,en,0,0,1,1,1,1,1,0
en_162,en,0,0,1,1,0,1,1,1
en_1388,en,0,0,0,0,0,1,0,0
en_1802,en,0,0,0,1,0,0,0,0
en_1577,en,1,0,1,1,0,0,0,0
en_288,en,0,0,0,1,0,0,0,0
en_413,en,0,1,0,1,1,0,0,1
en_412,en,0,0,0,1,0,1,0,1
en_430,en,0,1,0,1,0,1,0,1
en_1550,en,1,0,0,1,1,1,0,1
en_824,en,1,0,0,0,0,0,0,1
en_272,en,0,1,0,1,1,1,1,1
en_751,en,1,0,0,1,1,1,0,1
en_868,en,0,0,0,1,0,0,0,0
en_769,en,0,0,0,0,0,0,0,0
en_1109,en,0,0,0,1,0,1,0,0
en_1092,en,0,0,0,1,0,0,0,1
en_1884,en,0,1,1,1,1,1,0,1
en_981,en,0,0,0,1,0,1,0,0
en_1321,en,0,0,0,1,0,0,0,0
en_976,en,0,0,0,0,0,0,0,0
en_584,en,0,0,0,1,1,1,0,1
en_1058,en,0,0,0,0,0,0,0,0
en_1036,en,0,0,1,1,0,0,0,0
en_656,en,0,0,0,1,0,0,0,0
en_422,en,0,0,0,1,0,0,0,0
en_642,en,0,1,1,1,1,0,0,0
en_341,en,0,1,0,0,1,0,0,0
en_482,en,0,0,0,1,0,0,0,0
en_1154,en,0,0,0,1,0,0,0,0
en_1028,en,0,1,0,1,1,1,1,1
en_421,en,0,1,1,1,1,1,1,1
en_1548,en,1,0,0,0,0,0,0,0
en_1888,en,0,0,0,0,0,0,0,0
en_1454,en,0,0,0,0,0,0,0,0
en_721,en,0,0,1,1,0,0,0,0
en_1252,en,0,0,1,1,0,1,0,1
en_1303,en,0,0,0,0,0,0,0,0
en_1340,en,0,0,0,0,0,0,0,0
en_403,en,0,0,0,1,0,1,0,0
en_198,en,0,1,1,1,1,1,1,1
en_695,en,0,1,0,1,0,1,1,1
en_543,en,0,0,0,1,1,0,0,0
en_287,en,0,0,0,0,0,0,0,0
en_1037,en,0,0,0,0,0,0,0,0
en_429,en,0,0,0,0,0,1,0,0
en_1238,en,0,0,0,0,0,0,0,0
en_1651,en,0,0,1,1,1,1,0,1
en_728,en,0,0,0,1,0,0,0,0
en_205,en,1,0,1,0,0,0,0,1
en_132,en,0,0,0,1,0,0,0,0
en_1668,en,0,1,1,1,1,1,0,1
en_804,en,0,0,0,1,0,0,1,0
en_1016,en,0,1,1,1,1,1,1,1
en_500,en,1,0,1,0,0,0,0,0
en_672,en,0,0,0,1,0,0,0,0
en_634,en,0,0,0,1,0,0,0,0
en_1806,en,0,0,0,1,0,0,0,0
en_1369,en,0,0,0,0,0,0,0,0
en_1734,en,0,0,0,0,0,0,0,0
en_660,en,0,0,0,0,0,0,0,0
en_1198,en,0,0,0,1,0,1,1,1
en_107,en,0,0,1,1,1,0,0,1
en_1662,en,0,0,1,0,0,0,0,0
en_1344,en,0,0,0,0,0,0,0,0
en_1059,en,0,0,0,1,0,1,0,0
en_1397,en,0,0,0,0,0,0,0,0
en_366,en,0,0,0,1,0,1,1,1
en_784,en,0,0,0,1,0,0,0,0
en_1288,en,0,0,0,0,0,0,0,0
en_871,en,0,0,0,1,1,0,0,0
en_1876,en,0,0,0,0,0,0,0,0
en_1791,en,0,0,0,0,0,0,0,0
en_948,en,0,1,0,1,1,1,0,1
en_571,en,0,0,0,0,0,0,0,0
en_297,en,0,0,0,0,1,0,0,1
en_930,en,0,0,0,1,0,0,0,0
en_1446,en,1,1,1,1,1,1,1,1
en_395,en,0,0,0,1,0,0,0,0
en_1221,en,0,0,0,1,0,0,0,0
en_1447,en,0,0,0,1,0,0,1,0
en_1294,en,1,1,1,0,0,0,0,0
en_1482,en,0,0,0,0,0,0,0,0
en_1125,en,0,1,0,1,0,0,0,0
en_790,en,0,0,0,1,0,0,0,0
en_1357,en,0,0,0,0,0,0,0,0
en_1808,en,0,0,0,0,1,0,1,1
en_681,en,0,0,0,0,0,0,0,0
en_1796,en,0,0,0,0,0,0,0,0
en_158,en,0,0,1,1,0,1,0,0
en_1597,en,0,1,0,0,0,0,0,0
en_330,en,0,0,0,0,0,0,0,0
en_119,en,0,0,0,1,0,0,0,0
en_1677,en,0,0,0,1,0,0,0,0
en_1644,en,0,0,0,1,0,0,0,0
en_934,en,0,0,0,0,0,1,0,0
en_1067,en,0,0,1,1,1,1,0,1
en_321,en,0,0,0,1,0,0,0,0
en_1166,en,0,0,0,0,0,0,0,0
en_1567,en,0,0,0,1,0,0,0,0
en_693,en,0,0,0,1,0,0,0,0
en_644,en,0,0,0,1,0,0,0,0
en_1857,en,0,0,0,0,0,0,0,0
en_1576,en,0,0,1,1,1,0,1,1
en_579,en,0,1,0,1,0,1,1,1
en_230,en,0,0,0,0,1,0,0,0
en_607,en,0,1,1,1,0,1,1,1
en_441,en,0,1,1,1,1,1,1,1
en_873,en,1,1,1,1,0,1,0,1
en_1835,en,0,1,0,1,1,1,1,1
en_1292,en,1,1,1,1,0,0,0,1
en_1742,en,0,0,0,1,0,0,0,0
en_1747,en,0,0,0,1,0,0,0,0
en_1366,en,0,0,0,1,0,0,0,0
en_127,en,0,0,0,0,0,0,0,0
en_1503,en,0,0,0,1,0,0,0,0
en_520,en,0,0,0,0,0,0,0,0
en_453,en,0,0,0,0,0,1,0,0
en_216,en,0,0,1,1,0,0,1,1
en_188,en,0,0,0,0,0,0,0,0
en_1412,en,0,0,0,1,0,0,0,0
en_1368,en,0,1,1,1,1,0,1,1
en_143,en,0,0,0,0,0,0,0,0
en_1537,en,0,0,0,1,0,0,0,0
en_350,en,0,0,0,0,0,0,0,0
en_1068,en,0,0,0,1,0,0,0,0
en_316,en,0,0,0,0,0,0,0,0
en_1746,en,0,1,1,1,1,0,1,1
en_1268,en,0,0,0,0,0,0,0,0
en_564,en,0,0,1,1,1,1,1,1
en_715,en,0,0,0,1,0,0,0,0
en_377,en,0,0,0,0,0,0,0,1
en_1425,en,0,0,0,1,0,1,0,1
en_748,en,0,0,0,1,0,0,0,0
en_1144,en,0,0,0,0,0,0,0,0
en_718,en,0,0,1,1,1,0,0,1
en_857,en,1,0,0,0,0,0,0,0
en_1834,en,0,0,0,0,0,0,0,0
en_495,en,0,0,1,1,0,0,0,0
en_1625,en,0,0,0,0,0,0,0,0
en_1573,en,0,1,1,1,1,1,1,1
en_914,en,0,0,0,0,0,0,0,0
en_1407,en,0,0,0,1,0,0,0,0
en_1114,en,0,1,0,0,0,0,0,0
en_655,en,0,0,0,0,0,0,0,0
en_241,en,0,0,1,0,0,0,0,0
en_1241,en,0,0,0,0,0,0,0,0
en_606,en,0,0,0,0,0,0,0,0
en_1039,en,0,1,1,0,1,0,0,1
en_764,en,0,0,0,1,0,1,0,1
en_1070,en,0,0,0,0,0,0,0,0
en_1764,en,0,1,1,1,1,1,0,1
en_1838,en,0,1,0,1,1,0,0,0
en_1299,en,0,0,0,0,0,0,0,0
en_1255,en,0,1,0,1,1,1,0,0
en_1041,en,0,0,0,0,0,0,0,0
en_1389,en,0,0,0,1,0,0,0,0
en_1466,en,1,0,0,1,1,0,1,1
en_120,en,0,1,1,1,1,0,1,1
en_1408,en,1,0,0,1,0,0,0,1
en_507,en,0,1,0,1,1,1,1,1
en_1455,en,0,0,0,1,0,0,0,0
en_1643,en,0,0,1,1,0,0,0,1
en_283,en,0,0,0,1,0,0,0,0
en_148,en,0,0,0,0,1,1,0,0
en_741,en,0,0,0,0,0,0,0,0
en_1210,en,0,0,0,1,0,0,0,0
en_931,en,0,0,0,1,1,0,0,0
en_1183,en,0,0,1,1,0,0,0,1
en_1485,en,0,0,0,0,0,0,0,0
en_544,en,0,0,0,1,0,1,0,0
en_1197,en,0,0,1,1,0,0,0,1
en_111,en,0,0,0,1,0,0,0,0
en_197,en,0,0,0,0,0,0,0,0
en_1429,en,0,0,0,0,0,0,0,0
en_1001,en,0,0,0,0,0,0,0,0
en_1513,en,0,0,0,0,0,0,0,0
en_1245,en,0,0,0,1,0,0,0,0
en_1574,en,0,1,1,1,1,1,1,1
en_1301,en,0,0,0,1,1,1,0,1
en_1155,en,0,1,1,1,1,0,0,0
en_1265,en,0,1,0,0,0,0,0,0
en_1033,en,0,0,0,0,0,0,0,0
en_944,en,1,0,0,1,0,1,0,0
en_575,en,0,1,1,1,1,1,1,1
en_218,en,0,0,0,1,1,1,0,0
en_361,en,0,0,0,1,0,0,0,0
en_592,en,0,0,0,1,0,0,0,0
en_1280,en,0,0,0,1,0,0,0,0
en_165,en,0,0,1,1,0,0,0,1
en_1878,en,0,0,0,1,0,0,0,0
en_945,en,0,0,0,0,0,0,0,0
en_851,en,1,0,0,0,0,0,0,0
en_1007,en,0,0,0,0,0,0,0,0
en_359,en,0,0,0,0,0,0,0,0
en_1549,en,0,0,1,1,1,1,0,1
en_1214,en,0,0,0,0,0,0,0,0
en_733,en,0,0,0,1,0,0,0,0
en_1270,en,0,0,0,0,0,0,0,0
en_1660,en,0,0,0,0,0,0,0,0
en_1563,en,0,0,0,1,1,1,0,0
en_262,en,0,0,0,1,0,0,0,0
en_825,en,0,0,0,1,0,0,0,0
en_1119,en,0,0,0,1,1,1,1,1
en_1645,en,0,0,0,0,0,0,0,0
en_619,en,0,0,1,1,0,0,0,0
en_1478,en,0,0,0,0,0,0,0,0
en_590,en,0,0,0,1,1,1,0,0
en_669,en,0,0,0,1,0,1,0,0
en_1448,en,0,0,0,0,0,0,0,0
en_383,en,0,0,0,1,0,0,0,0
en_327,en,0,0,0,1,0,0,0,0
en_1229,en,1,1,1,1,1,1,0,1
en_1828,en,0,1,0,1,1,1,1,1
en_1633,en,0,0,0,1,0,0,0,1
en_992,en,0,0,0,1,0,0,0,0
en_311,en,0,1,1,1,1,1,1,1
en_185,en,0,1,1,1,1,1,1,1
en_349,en,0,0,0,0,1,0,0,0
en_1665,en,0,1,1,1,1,1,1,1
en_616,en,0,0,0,1,0,0,0,0
en_255,en,0,0,0,0,1,1,0,0
en_519,en,1,0,0,1,1,0,0,0
en_144,en,0,0,0,1,0,0,0,0
en_215,en,0,0,0,1,0,0,0,0
en_1490,en,0,0,0,0,0,0,0,0
en_379,en,0,0,0,1,0,0,0,0
en_862,en,0,0,0,0,0,0,0,0
en_1776,en,0,0,1,1,1,0,0,0
en_1514,en,0,0,0,1,1,0,0,0
en_235,en,0,0,0,1,1,1,1,0
en_1438,en,0,0,0,1,0,0,0,0
en_551,en,0,0,0,0,0,0,0,0
en_602,en,0,0,0,1,0,0,0,0
en_1667,en,0,0,0,1,0,0,0,0
en_1787,en,0,0,0,0,0,0,0,0
en_333,en,0,0,1,1,0,0,0,0
en_1821,en,0,0,0,1,0,0,0,0
en_521,en,0,0,0,1,0,1,0,0
en_973,en,0,0,0,1,0,0,0,0
en_1661,en,0,0,0,0,0,0,0,0
en_1772,en,0,0,0,1,0,0,0,0
en_893,en,0,0,1,1,0,1,0,1
en_659,en,0,0,1,1,1,1,0,0
en_540,en,0,0,0,0,0,0,1,0
en_1364,en,0,0,0,1,0,0,0,1
en_168,en,0,0,0,0,0,0,0,0
en_1886,en,0,0,0,1,0,0,0,0
en_1629,en,0,0,0,0,0,0,0,0
en_1228,en,0,0,0,1,0,0,0,0
en_1877,en,0,0,0,1,0,0,0,0
en_1287,en,0,0,0,1,0,0,0,0
en_265,en,0,0,0,0,0,0,0,0
en_1019,en,0,0,0,0,0,0,0,0
en_1725,en,0,0,0,1,0,0,0,0
en_814,en,0,0,0,0,0,0,0,0
en_1185,en,0,0,0,0,0,0,0,0
en_195,en,0,0,0,0,0,0,0,0
en_971,en,0,0,0,1,0,0,0,0
en_1460,en,0,0,0,1,0,0,0,1
en_1373,en,0,0,0,0,0,0,0,0
en_427,en,1,1,1,1,0,1,1,1
en_874,en,0,0,0,0,0,0,0,0
en_829,en,0,0,0,1,0,0,0,0
en_294,en,0,0,0,0,0,0,0,0
en_1763,en,0,0,0,1,0,0,0,0
en_347,en,0,0,0,0,0,0,0,0
en_1090,en,0,1,0,1,0,0,0,0
en_765,en,0,0,0,1,0,0,0,0
en_1701,en,0,0,0,0,0,0,0,0
en_1293,en,0,0,0,0,0,0,0,0
en_1360,en,0,0,0,1,0,0,0,0
en_889,en,0,1,0,1,0,1,0,0
en_703,en,0,0,0,0,0,0,0,0
en_1489,en,0,0,0,1,0,0,0,0
en_646,en,0,0,0,0,0,0,0,0
en_890,en,1,0,0,0,0,0,0,0
en_752,en,1,1,1,1,1,1,1,1
en_937,en,0,0,0,0,0,0,0,0
en_1475,en,0,0,0,0,0,0,0,0
en_808,en,0,0,0,0,0,0,0,0
en_546,en,0,1,1,1,1,1,1,1
en_250,en,0,0,0,1,0,0,0,0
en_1632,en,0,0,0,0,0,0,0,0
en_603,en,0,0,0,0,0,0,0,0
en_1244,en,0,0,0,0,0,0,0,0
en_1217,en,0,0,0,0,0,0,0,0
en_1308,en,0,0,0,0,0,0,0,0
en_1486,en,0,1,0,1,1,1,0,1
en_450,en,0,0,1,1,0,1,0,0
en_743,en,0,0,0,1,1,1,0,1
en_208,en,0,0,1,0,0,0,0,0
en_1331,en,0,0,0,0,0,0,0,0
en_1810,en,0,1,1,0,0,0,0,1
es_1850,es,0,1,1,1,1,1,1,1
es_773,es,0,0,0,1,0,0,0,0
es_1899,es,0,1,1,1,1,1,1,1
es_685,es,0,0,1,1,0,0,0,0
es_1717,es,0,1,1,1,1,1,1,1
es_1196,es,1,1,1,1,1,1,1,1
es_1499,es,0,1,1,1,1,1,1,1
es_1149,es,0,1,1,1,1,1,1,1
es_621,es,0,1,1,1,1,1,1,1
es_147,es,0,1,1,1,1,0,0,0
es_1803,es,0,1,1,1,1,1,1,1
es_1192,es,0,0,0,1,0,0,0,0
es_643,es,0,1,1,1,1,1,1,1
es_1755,es,0,1,1,1,1,1,1,1
es_1625,es,0,0,1,1,0,0,0,0
es_1164,es,0,1,1,1,1,0,1,1
es_1381,es,0,1,1,1,1,1,1,1
es_1628,es,0,0,0,1,0,1,0,0
es_1884,es,1,1,1,1,1,1,1,1
es_1817,es,1,0,1,1,0,0,1,0
es_239,es,1,1,0,1,1,1,1,1
es_1653,es,0,0,1,1,0,1,1,0
es_1324,es,0,0,1,1,1,1,1,1
es_599,es,0,1,1,1,1,1,1,1
es_549,es,0,1,1,1,1,1,1,1
es_787,es,0,0,1,1,1,1,1,0
es_789,es,0,1,0,1,1,1,0,0
es_279,es,0,1,1,1,1,1,1,1
es_1697,es,0,0,0,1,0,1,0,0
es_2063,es,0,1,1,1,1,1,1,1
es_1144,es,0,1,1,1,1,1,1,1
es_175,es,0,0,0,0,0,0,0,0
es_426,es,0,1,1,1,1,1,1,1
es_1733,es,0,0,1,1,1,0,1,1
es_258,es,0,0,1,1,1,0,0,0
es_778,es,0,0,1,1,1,1,0,0
es_940,es,0,0,0,1,0,0,0,0
es_760,es,0,0,1,1,1,0,0,0
es_439,es,1,1,1,1,1,1,1,1
es_1313,es,0,1,1,1,1,1,1,1
es_1190,es,0,1,1,1,1,1,1,1
es_1380,es,0,1,1,1,1,1,1,1
es_1390,es,0,1,1,1,1,0,0,1
es_1396,es,0,0,0,1,1,1,0,1
es_1798,es,0,1,1,1,1,1,1,1
es_754,es,0,1,1,1,1,1,1,1
es_742,es,1,1,1,1,1,1,1,1
es_1892,es,0,1,0,1,0,0,0,0
es_540,es,0,0,0,1,1,0,0,0
es_320,es,1,1,1,1,1,0,1,1
es_1191,es,0,1,1,1,1,1,1,1
es_1564,es,1,0,0,1,0,0,0,0
es_776,es,1,1,1,1,1,1,1,1
es_1532,es,0,0,1,1,0,0,0,0
es_511,es,0,1,1,1,1,1,1,1
es_1562,es,0,0,0,1,0,0,0,0
es_1769,es,0,0,1,1,0,0,0,1
es_999,es,0,1,1,1,1,1,1,1
es_1508,es,0,0,1,1,1,1,1,0
es_1838,es,1,1,1,1,1,1,1,1
es_833,es,0,0,0,1,0,0,0,0
es_827,es,0,0,1,1,1,0,0,1
es_531,es,0,1,1,1,1,1,1,1
es_477,es,0,0,1,1,1,1,1,1
es_160,es,0,0,0,1,1,0,0,0
es_417,es,0,1,1,1,1,1,1,1
es_1573,es,0,0,1,1,1,1,1,0
es_2020,es,0,1,1,1,1,1,1,1
es_781,es,1,1,0,1,1,1,0,1
es_1534,es,0,1,1,1,1,1,0,1
es_764,es,0,1,1,1,1,1,1,1
es_1618,es,0,1,1,1,1,1,1,1
es_1117,es,1,1,1,1,1,1,1,1
es_705,es,0,0,1,1,1,1,1,0
es_158,es,0,1,1,1,1,1,1,1
es_481,es,1,1,1,1,1,1,1,1
es_817,es,0,0,0,1,0,0,0,0
es_347,es,1,1,1,1,1,1,1,1
es_429,es,0,1,1,1,1,1,1,1
es_2064,es,1,1,1,1,1,1,1,1
es_1127,es,0,0,1,1,0,0,0,0
es_1853,es,1,1,1,1,1,1,1,1
es_221,es,0,0,1,1,1,0,0,1
es_1821,es,0,1,1,1,1,1,1,1
es_579,es,0,1,1,1,1,1,1,1
es_1696,es,0,1,1,1,1,1,1,1
es_2080,es,0,0,1,1,0,0,0,0
es_741,es,0,1,1,1,1,1,0,1
es_2071,es,0,0,1,1,1,0,0,1
es_907,es,0,1,1,1,1,1,1,1
es_700,es,0,0,0,1,0,0,0,0
es_1674,es,0,0,1,1,0,0,1,1
es_1858,es,1,1,1,1,1,1,1,1
es_345,es,1,1,1,1,1,1,1,1
es_1551,es,0,0,1,1,0,0,0,0
es_1131,es,0,1,1,1,0,1,1,1
es_501,es,0,0,1,1,0,0,1,1
es_1844,es,1,1,1,1,1,0,1,1
es_1602,es,0,1,1,1,1,1,1,1
es_1450,es,0,1,1,1,1,1,0,1
es_442,es,1,1,1,1,1,1,1,1
es_367,es,1,1,1,1,1,1,1,1
es_244,es,0,0,0,1,1,0,0,0
es_602,es,0,1,1,1,1,1,1,1
es_1472,es,0,1,1,1,1,1,1,1
es_1715,es,0,1,1,1,1,1,1,1
es_1874,es,0,1,1,1,1,1,1,1
es_1434,es,0,0,1,1,0,0,0,1
es_749,es,0,0,0,1,0,0,0,0
es_1705,es,0,1,1,1,1,1,1,1
es_1109,es,0,1,1,1,1,1,1,1
es_432,es,0,1,1,1,1,1,0,1
es_1416,es,0,1,1,1,1,1,0,1
es_1599,es,0,0,0,1,0,0,0,0
es_240,es,0,1,1,1,0,0,1,1
es_143,es,0,0,0,1,0,0,0,0
es_1169,es,0,1,1,1,1,1,1,1
es_1177,es,1,1,1,1,1,0,1,1
es_1452,es,0,1,1,1,1,0,1,1
es_1367,es,0,1,1,1,1,1,1,1
es_454,es,1,0,1,1,1,0,0,1
es_322,es,1,1,1,1,1,1,1,1
es_1529,es,0,1,1,1,1,1,1,1
es_552,es,0,0,1,1,1,1,1,1
es_1692,es,1,1,1,1,1,1,1,1
es_1616,es,1,0,1,1,0,1,1,1
es_926,es,0,0,0,1,1,1,0,1
es_144,es,0,0,0,1,0,0,0,0
es_1563,es,0,0,0,1,0,0,0,0
es_210,es,0,0,1,1,1,1,0,1
es_861,es,0,1,1,1,1,1,1,1
es_951,es,0,1,1,1,1,1,1,1
es_927,es,0,1,1,1,1,0,0,1
es_139,es,0,1,1,1,1,1,1,1
es_302,es,0,1,1,1,1,1,1,1
es_156,es,0,0,1,1,1,0,0,0
es_1565,es,0,1,1,1,1,1,1,1
es_1682,es,0,0,1,1,1,0,1,1
es_932,es,0,1,1,1,1,1,0,1
es_721,es,0,1,1,1,1,1,1,1
es_1787,es,0,1,1,1,1,1,1,1
es_1610,es,0,0,1,1,1,0,1,1
es_1303,es,0,1,1,1,1,1,1,1
es_1837,es,1,1,1,1,1,1,1,1
es_967,es,0,1,1,1,1,1,0,1
es_398,es,0,0,1,1,0,0,0,0
es_252,es,0,0,0,1,1,0,1,1
es_1548,es,0,0,1,1,1,0,0,0
es_799,es,0,1,0,1,0,0,0,1
es_106,es,0,0,1,1,0,0,1,0
es_1446,es,0,0,1,1,1,1,1,1
es_174,es,0,0,0,1,0,0,0,1
es_1437,es,0,0,0,1,0,0,1,0
es_1778,es,0,1,1,1,1,1,1,1
es_1470,es,0,1,1,1,1,1,1,1
es_1721,es,0,1,1,1,1,1,1,1
es_819,es,0,0,0,1,0,0,0,0
es_1130,es,0,0,0,1,1,0,0,0
es_1509,es,0,1,1,1,1,1,1,1
es_1681,es,0,1,1,1,1,1,1,1
es_1415,es,0,1,1,1,1,1,1,1
es_1574,es,0,1,1,1,1,0,0,0
es_1373,es,0,0,0,1,1,1,1,0
es_543,es,0,0,0,1,0,0,0,0
es_206,es,0,0,0,1,1,1,0,1
es_687,es,0,0,1,1,1,0,0,1
es_1842,es,0,1,1,1,1,1,1,1
es_1357,es,0,0,1,1,1,0,0,1
es_1475,es,0,0,0,1,1,1,0,1
es_849,es,0,0,1,1,1,1,1,1
es_496,es,1,1,1,1,1,0,1,1
es_1550,es,0,0,1,1,0,0,0,0
es_312,es,0,0,1,1,0,0,0,0
es_1727,es,0,1,1,1,1,1,1,1
es_2078,es,0,1,0,1,0,1,1,0
es_150,es,0,1,1,1,1,1,1,1
es_706,es,0,1,1,1,1,1,1,1
es_966,es,0,0,0,1,0,0,0,0
es_1828,es,0,1,1,1,1,1,1,1
es_1433,es,0,0,0,1,0,1,0,0
es_1312,es,1,1,1,1,1,1,1,1
es_1166,es,0,1,1,1,1,1,1,1
es_1322,es,0,1,1,1,1,1,1,1
es_1637,es,0,1,1,1,1,1,1,1
es_624,es,1,1,1,1,1,1,1,1
es_1718,es,0,1,1,1,1,1,1,1
es_1761,es,0,1,1,1,1,1,1,1
es_1162,es,0,1,1,1,1,1,1,1
es_708,es,0,1,1,1,1,1,1,1
es_917,es,0,0,1,1,1,1,1,1
es_1839,es,0,0,0,1,0,0,0,1
es_1879,es,0,1,1,1,1,1,1,1
es_603,es,0,1,1,1,1,1,1,1
es_103,es,0,0,1,1,1,1,0,1
es_1181,es,0,1,1,1,1,1,1,1
es_585,es,0,1,1,1,1,1,1,1
es_1830,es,0,1,1,1,1,1,1,1
es_1106,es,0,1,1,1,1,1,1,1
es_291,es,0,0,0,1,0,0,0,0
es_998,es,0,0,1,1,1,0,1,1
es_2076,es,0,0,0,1,0,0,0,0
es_825,es,1,1,1,1,1,0,1,1
es_1517,es,0,1,1,1,1,1,1,1
es_438,es,0,1,1,1,1,1,1,1
es_821,es,0,1,1,1,1,1,1,1
es_945,es,0,1,1,1,1,1,1,1
es_315,es,0,1,1,1,0,1,0,1
es_1668,es,0,1,1,1,1,1,1,1
es_1875,es,0,0,1,1,1,1,1,1
es_1822,es,0,1,1,1,1,1,1,1
es_1762,es,0,1,1,1,1,1,1,1
es_1110,es,0,1,1,1,1,1,1,1
es_209,es,0,0,1,1,1,0,0,0
es_900,es,0,0,1,1,1,1,1,1
es_1403,es,0,1,1,1,1,0,1,1
es_1823,es,1,1,1,1,0,0,1,1
es_1728,es,0,0,0,1,0,0,0,0
es_1422,es,0,0,1,1,1,1,0,0
es_392,es,1,1,1,1,1,1,1,1
es_356,es,0,1,1,1,1,1,1,1
es_1323,es,0,1,1,1,1,1,1,1
es_1333,es,1,1,1,1,1,1,1,1
es_1790,es,0,0,1,1,1,1,1,1
es_974,es,0,0,1,1,1,1,1,0
es_1389,es,0,0,1,1,0,0,0,0
es_181,es,0,0,1,1,0,0,0,0
es_112,es,0,0,0,1,0,0,0,0
es_471,es,0,1,1,1,1,1,1,1
es_400,es,0,1,1,1,1,1,1,1
es_380,es,0,0,0,1,0,0,0,0
es_914,es,0,0,0,1,1,1,0,1
es_1493,es,0,1,1,1,1,1,1,1
es_1421,es,0,1,1,1,1,1,1,1
es_434,es,0,1,1,1,1,1,1,1
es_259,es,0,0,1,1,0,0,0,0
es_763,es,0,1,1,1,1,1,0,1
es_1712,es,0,1,1,1,1,1,1,1
es_529,es,0,0,1,1,1,0,0,0
es_874,es,0,0,1,1,0,0,0,0
es_255,es,0,0,1,1,1,0,0,1
es_518,es,0,1,1,1,1,1,1,1
es_492,es,0,1,1,1,1,1,1,1
es_1404,es,0,0,1,1,1,1,0,0
es_1147,es,0,1,1,1,1,1,1,1
es_1372,es,0,0,0,1,1,1,0,1
es_1193,es,0,0,1,1,1,0,1,1
es_1814,es,0,1,1,1,1,1,1,1
es_1730,es,0,1,1,1,1,1,1,1
es_388,es,1,1,1,1,1,1,1,1
es_428,es,1,1,1,1,1,1,1,1
es_359,es,0,1,0,1,1,1,1,1
es_634,es,0,1,1,1,1,1,1,1
es_230,es,0,0,0,1,1,0,0,0
es_1645,es,0,1,1,1,1,1,1,1
es_462,es,0,1,1,1,1,1,1,1
es_1796,es,1,1,1,1,1,1,1,1
es_965,es,0,0,1,1,1,1,1,1
es_317,es,1,0,1,1,1,0,0,1
es_1580,es,0,0,0,1,0,0,0,0
es_1500,es,0,1,1,1,1,1,1,1
es_928,es,0,1,1,1,1,1,1,1
es_590,es,0,1,1,1,1,1,1,1
es_1136,es,0,0,0,0,0,0,0,0
es_831,es,0,0,0,1,0,0,0,0
es_1870,es,1,0,0,1,0,0,0,1
es_2004,es,0,1,1,1,1,1,1,1
es_1591,es,0,0,1,1,1,0,0,0
es_316,es,0,1,1,1,1,1,1,1
es_1337,es,0,0,1,1,1,1,1,1
es_2036,es,0,1,1,1,1,1,1,1
es_864,es,0,1,1,1,1,1,1,1
es_1685,es,0,1,1,1,1,1,1,1
es_884,es,0,1,1,1,1,1,1,1
es_1506,es,0,0,1,1,0,1,0,0
es_1170,es,0,1,1,1,1,1,1,1
es_194,es,0,0,1,1,1,0,1,0
es_411,es,0,1,1,1,1,1,1,1
es_614,es,1,1,1,1,1,1,1,1
es_600,es,0,1,1,1,1,1,1,1
es_1763,es,0,1,1,1,1,1,1,1
es_1740,es,1,1,1,1,1,1,1,1
es_1447,es,0,1,0,1,0,1,1,0
es_1516,es,0,1,0,1,1,0,0,1
es_313,es,0,0,1,1,0,0,0,0
es_337,es,0,1,1,1,1,1,1,1
es_1852,es,0,0,1,1,1,1,1,1
es_463,es,1,1,1,1,1,1,1,1
es_1414,es,0,1,1,1,1,1,1,1
es_419,es,0,1,1,1,1,1,1,1
es_774,es,0,1,1,1,1,1,1,1
es_1855,es,1,1,1,1,1,1,1,1
es_726,es,0,0,0,1,0,0,0,0
es_1807,es,0,1,1,1,1,1,1,1
es_451,es,0,1,1,1,1,1,1,1
es_403,es,0,1,1,1,1,0,1,1
es_2047,es,0,0,1,1,1,0,1,1
es_797,es,0,0,1,1,1,1,0,1
es_478,es,1,1,1,1,0,1,1,1
es_249,es,0,0,0,1,1,0,0,1
es_795,es,0,1,1,1,1,1,1,1
es_113,es,0,0,0,1,0,0,1,0
es_640,es,0,1,1,1,1,1,1,0
es_814,es,0,0,1,1,1,0,0,1
es_120,es,0,0,0,1,1,0,0,0
es_464,es,1,0,1,1,1,1,1,1
es_770,es,1,0,1,1,0,0,0,0
es_1364,es,0,0,1,1,1,1,1,1
es_589,es,0,0,1,1,0,1,0,0
es_304,es,0,0,0,1,1,1,1,1
es_912,es,0,0,1,1,1,1,1,0
es_1486,es,0,0,0,1,1,0,0,0
es_523,es,0,1,1,1,1,1,1,1
es_1841,es,1,1,1,1,1,0,1,1
es_941,es,0,0,0,1,0,0,1,0
es_1495,es,0,0,1,1,1,1,1,1
es_137,es,0,1,0,1,1,1,1,1
es_407,es,1,1,1,1,1,0,1,1
es_1871,es,1,0,0,1,0,0,0,1
es_1709,es,0,1,1,1,1,1,1,1
es_1845,es,1,1,1,1,1,1,1,1
es_642,es,0,1,1,1,1,1,1,1
es_1877,es,1,1,1,1,0,1,1,0
es_343,es,0,0,0,1,0,0,0,0
es_154,es,0,0,0,1,0,0,0,0
es_1525,es,0,1,0,1,0,0,0,0
es_1354,es,0,1,0,1,1,0,1,0
es_1374,es,0,1,1,1,1,1,1,1
es_484,es,1,0,1,1,1,1,1,1
es_1824,es,1,1,1,1,1,1,1,1
es_991,es,1,0,0,1,0,0,0,0
es_1395,es,0,1,0,1,1,0,1,0
es_2044,es,0,1,1,1,1,0,1,0
es_746,es,0,0,1,1,1,1,0,1
es_1631,es,0,0,1,1,0,0,1,1
es_517,es,0,1,1,1,1,1,1,1
es_1430,es,0,1,1,1,1,1,1,1
es_220,es,0,0,1,1,1,0,0,1
es_1194,es,0,1,1,1,1,1,1,1
es_1473,es,0,1,1,1,1,1,1,1
es_406,es,0,1,1,1,1,1,1,1
es_1859,es,0,1,1,1,1,1,1,1
es_948,es,0,1,1,1,1,1,1,1
es_521,es,0,0,1,1,1,1,1,1
es_1439,es,0,1,1,1,1,1,1,1
es_225,es,0,0,0,1,1,0,0,1
es_931,es,1,0,1,1,0,1,1,0
es_1609,es,0,1,1,1,1,1,1,1
es_1320,es,0,1,1,1,1,1,1,1
es_321,es,1,1,1,1,1,0,1,1
es_190,es,0,1,1,1,1,1,0,1
es_1413,es,0,0,1,1,1,1,1,1
es_151,es,0,0,1,1,1,1,1,1
es_1371,es,0,0,1,1,1,0,1,0
es_1348,es,0,0,0,1,0,0,0,0
es_1658,es,0,0,0,1,0,0,0,0
es_1198,es,1,1,1,1,1,0,1,0
es_1831,es,1,1,1,1,1,1,1,1
es_1607,es,0,1,1,1,1,0,1,1
es_1693,es,0,0,0,1,1,0,0,0
es_2007,es,0,1,1,1,1,1,1,1
es_525,es,0,1,1,1,1,1,1,1
es_1108,es,1,1,1,1,1,1,1,1
es_393,es,0,1,1,1,1,1,1,1
es_177,es,0,0,1,1,1,0,0,0
es_2011,es,0,1,0,1,1,1,1,1
es_913,es,0,1,1,1,1,1,1,1
es_2067,es,0,0,0,1,0,0,0,0
es_897,es,0,0,0,0,0,0,0,0
es_1474,es,0,1,1,1,1,1,1,0
es_1676,es,0,1,1,1,1,1,1,1
es_1629,es,0,0,1,1,1,0,0,1
es_1739,es,1,1,1,1,1,1,1,1
es_323,es,0,1,1,1,1,1,1,1
es_278,es,0,0,0,1,0,0,0,0
es_436,es,0,1,1,1,1,1,1,1
es_936,es,0,1,1,1,1,1,1,1
es_470,es,1,1,1,1,1,1,1,0
es_126,es,0,0,0,1,1,0,0,1
es_617,es,0,1,1,1,1,1,1,1
es_192,es,0,0,0,1,1,0,0,0
es_2051,es,0,0,0,1,0,1,1,0
es_766,es,0,1,1,1,1,1,1,1
es_1594,es,0,0,1,1,1,1,1,1
es_171,es,0,1,1,1,1,1,1,1
es_727,es,0,1,1,1,1,1,1,1
es_1887,es,0,1,1,1,1,1,1,1
es_1756,es,0,1,1,1,1,1,1,1
es_306,es,0,1,1,1,1,0,1,1
es_242,es,0,0,1,1,0,0,0,0
es_2017,es,0,1,1,1,1,1,1,1
es_1160,es,0,1,1,1,1,1,1,0
es_1511,es,0,1,1,1,1,1,0,1
es_921,es,0,0,0,1,1,1,0,1
es_751,es,0,0,0,1,1,1,0,1
es_1820,es,0,1,1,1,1,1,1,1
es_547,es,1,1,1,1,1,1,1,1
es_1123,es,0,1,1,1,1,1,1,1
es_2005,es,0,0,0,1,0,0,0,0
es_570,es,0,0,1,1,1,1,0,0
es_1666,es,0,0,1,1,1,1,1,1
es_539,es,0,1,1,1,1,1,1,1
es_747,es,0,0,1,1,0,0,0,0
es_1766,es,0,1,1,1,1,1,1,1
es_214,es,0,0,1,1,1,0,0,0
es_1576,es,0,1,1,1,1,1,1,1
es_1555,es,0,0,0,1,1,0,0,0
es_1615,es,0,1,1,1,1,1,1,1
es_441,es,0,1,1,1,1,1,1,1
es_188,es,0,1,1,1,1,1,0,1
es_2041,es,0,0,1,1,1,1,1,1
es_2012,es,1,1,1,1,1,1,0,1
es_1355,es,0,1,0,1,0,1,1,0
es_1502,es,0,0,0,1,0,0,0,0
es_132,es,0,0,0,1,0,0,0,0
es_373,es,0,1,1,1,1,1,1,1
es_1854,es,1,1,1,1,1,1,1,1
es_1327,es,0,1,1,1,1,1,1,1
es_1104,es,1,1,1,1,1,1,1,1
es_1809,es,0,1,1,1,1,1,1,1
es_509,es,0,1,1,1,1,1,1,1
es_288,es,0,1,1,1,1,1,1,1
es_246,es,0,0,1,1,0,1,0,0
es_840,es,0,1,1,1,1,1,1,1
es_1561,es,0,0,1,1,1,1,1,1
es_351,es,1,1,1,1,1,1,1,1
es_118,es,0,0,1,1,1,0,0,0
es_2025,es,0,1,1,1,1,1,1,1
es_1383,es,0,0,0,1,0,0,0,0
es_1406,es,0,1,1,1,1,1,1,1
es_1669,es,0,0,1,1,0,1,1,1
es_361,es,0,0,1,1,1,0,0,0
es_592,es,1,1,1,1,1,0,0,1
es_1888,es,1,1,1,1,1,1,1,1
es_1405,es,1,1,1,1,1,1,1,1
es_1442,es,0,1,0,1,1,1,1,0
es_625,es,0,1,1,1,1,1,1,1
es_107,es,0,0,0,1,0,0,0,0
es_1549,es,0,0,0,1,0,0,0,0
es_381,es,1,0,1,1,0,0,1,1
es_977,es,0,1,1,1,1,1,1,1
es_309,es,1,0,1,1,1,1,1,1
es_2045,es,0,1,1,1,1,1,1,1
es_990,es,0,1,1,1,1,1,1,1
es_791,es,0,1,1,1,1,1,1,1
es_141,es,0,0,0,1,0,0,0,0
es_397,es,0,1,1,1,1,1,1,1
es_1588,es,0,0,0,1,1,1,0,0
es_111,es,1,1,1,1,1,0,1,1
es_1128,es,0,1,1,1,1,1,1,1
es_125,es,0,0,1,1,1,0,0,0
es_668,es,0,1,1,1,1,1,1,1
es_808,es,0,1,1,1,1,1,1,1
es_902,es,0,0,1,1,1,1,1,1
es_1789,es,0,1,1,1,0,1,1,1
es_270,es,0,1,1,1,1,1,1,1
es_863,es,0,1,1,1,1,1,1,1
es_1706,es,0,1,1,1,1,1,1,1
es_329,es,0,0,1,1,0,1,1,0
es_493,es,0,1,1,1,1,1,1,1
es_2042,es,1,1,1,1,1,1,1,1
es_1429,es,0,0,0,1,0,0,0,0
es_1167,es,0,1,1,1,1,1,1,1
es_164,es,0,1,0,1,0,0,0,0
es_2068,es,0,0,0,1,0,0,0,0
es_502,es,0,1,1,1,1,1,1,1
es_782,es,0,1,1,1,1,1,1,1
es_1542,es,0,0,0,1,1,0,0,0
es_1570,es,0,0,1,1,1,1,1,1
es_1878,es,0,1,1,1,1,1,1,1
es_758,es,0,0,1,1,1,0,0,1
es_1729,es,0,1,1,1,1,1,1,1
es_1306,es,0,0,1,1,1,1,0,1
es_254,es,0,1,1,1,1,1,1,1
es_604,es,0,1,1,1,1,1,1,1
es_954,es,0,0,1,1,1,1,1,1
es_1545,es,0,0,0,1,1,0,0,0
es_101,es,0,0,1,1,1,1,1,1
es_1305,es,0,1,1,1,1,1,1,1
es_960,es,0,1,1,1,1,1,1,1
es_800,es,0,0,0,1,1,1,0,1
es_1835,es,1,1,1,1,1,1,0,1
es_117,es,0,0,0,1,0,0,0,0
es_216,es,0,0,0,1,0,0,0,0
es_1785,es,0,1,1,1,1,1,1,1
es_1774,es,0,0,1,1,0,0,0,0
es_755,es,0,1,1,1,1,1,1,1
es_793,es,0,0,1,1,1,1,1,1
es_134,es,0,1,1,1,1,1,1,1
es_1479,es,0,0,1,1,0,0,0,0
es_1528,es,0,0,0,1,0,0,0,0
es_1592,es,1,0,1,1,1,1,1,1
es_450,es,1,1,1,1,1,1,1,1
es_1597,es,0,0,0,1,1,0,0,0
es_839,es,0,1,1,1,1,1,1,1
es_1353,es,0,1,1,1,1,1,1,1
es_1726,es,1,1,1,1,1,1,1,1
es_1411,es,0,0,0,1,0,0,0,0
es_1157,es,0,1,1,1,1,1,1,1
es_1893,es,0,1,1,1,1,1,1,0
es_354,es,0,1,1,1,0,0,0,0
es_1466,es,0,1,1,1,1,1,1,1
es_1126,es,0,1,1,1,1,1,1,1
es_803,es,0,1,1,1,1,1,1,1
es_2001,es,0,0,0,0,0,0,0,0
es_790,es,1,0,1,1,1,1,1,1
es_980,es,0,1,1,1,1,1,1,1
es_1419,es,0,1,0,1,0,0,0,0
es_437,es,0,0,1,1,1,1,1,1
es_514,es,0,1,1,1,1,1,1,1
es_801,es,0,1,1,1,1,1,1,1
es_489,es,0,1,1,1,0,1,0,1
es_149,es,0,1,1,1,1,1,1,1
es_127,es,0,0,0,1,0,0,0,0
es_363,es,0,1,1,1,0,1,1,1
es_1690,es,0,1,1,1,1,1,1,1
es_366,es,0,1,1,1,1,1,1,1
es_1481,es,0,0,1,1,1,0,0,0
es_1456,es,0,1,1,1,1,1,1,1
es_768,es,0,1,1,1,1,1,1,1
es_1483,es,0,1,1,1,1,0,1,0
es_783,es,1,1,1,0,1,1,1,1
es_1639,es,0,0,1,1,0,1,1,0
es_263,es,1,1,1,1,1,1,1,1
es_314,es,0,1,1,1,1,1,1,1
es_911,es,0,0,1,1,1,1,1,1
es_924,es,0,1,1,1,1,1,1,1
es_1683,es,0,1,1,1,1,0,0,1
es_2093,es,0,1,1,1,1,1,1,1
es_544,es,0,0,1,1,1,1,1,1
es_1533,es,0,1,1,1,1,1,1,1
es_1583,es,0,1,1,1,1,1,1,1
es_2046,es,0,0,1,1,1,0,0,1
es_1114,es,0,1,1,1,1,1,1,1
es_1458,es,0,1,0,1,1,0,1,1
es_722,es,0,1,1,1,1,1,1,1
es_692,es,0,0,0,1,0,0,0,0
es_1186,es,0,0,1,1,1,1,1,0
es_1587,es,0,0,1,1,1,0,0,1
es_583,es,0,1,1,1,1,1,1,1
es_1891,es,1,1,1,1,1,1,1,1
es_155,es,0,0,1,1,0,0,0,0
es_788,es,1,1,1,1,1,1,1,1
es_1451,es,0,0,1,1,0,0,0,0
es_994,es,1,1,1,1,1,1,1,1
es_707,es,0,1,1,1,1,1,1,1
es_1818,es,0,0,1,1,1,1,0,1
es_2022,es,0,1,0,1,0,1,1,1
es_1143,es,0,0,0,1,1,0,0,0
es_1746,es,1,1,1,1,1,1,1,1
es_1427,es,0,0,1,1,0,0,0,0
es_510,es,0,1,1,1,1,1,1,1
es_281,es,0,1,1,1,1,1,1,1
es_1655,es,0,1,0,1,1,1,1,1
es_1116,es,0,1,1,1,1,1,1,1
es_1465,es,0,0,0,1,1,0,0,0
es_503,es,0,0,0,0,0,0,1,1
es_186,es,0,0,1,1,1,0,0,0
es_1118,es,0,1,1,1,1,1,1,1
es_187,es,0,0,0,1,0,0,0,0
es_401,es,0,0,0,1,0,0,0,0
es_1103,es,0,0,1,1,1,1,1,1
es_1600,es,0,0,1,1,1,0,0,0
es_453,es,0,1,1,1,1,1,1,1
es_348,es,0,1,1,1,1,1,1,1
es_1124,es,0,1,1,1,1,1,1,1
es_1444,es,0,1,0,1,0,0,1,1
es_1736,es,0,1,1,1,1,1,1,1
es_1361,es,1,1,1,1,1,1,1,1
es_949,es,1,0,1,1,1,1,1,1
es_1794,es,0,0,1,1,1,1,1,1
es_1168,es,1,1,1,1,1,1,1,1
es_1543,es,0,0,0,1,0,1,0,1
es_2092,es,0,0,1,1,1,0,1,0
es_1647,es,0,0,1,1,1,1,1,1
es_138,es,0,0,0,1,0,0,0,1
es_1163,es,0,1,1,1,1,1,1,1
es_2091,es,0,0,1,1,0,0,0,1
es_1751,es,1,1,1,1,1,1,1,1
es_1771,es,1,1,1,1,1,1,1,1
es_1363,es,0,1,1,1,1,1,1,1
es_409,es,0,0,1,1,1,1,1,1
es_1752,es,0,0,1,1,1,0,0,0
es_452,es,1,1,1,1,1,1,1,1
es_466,es,0,1,1,1,1,1,1,1
es_920,es,0,0,0,1,0,0,0,0
es_497,es,0,1,1,1,1,1,1,1
es_879,es,0,0,0,1,0,0,1,1
es_724,es,0,0,1,1,1,1,1,1
es_973,es,1,1,1,1,1,1,1,1
es_1132,es,0,1,1,1,1,1,1,1
es_1806,es,1,1,1,1,1,1,1,1
es_1521,es,0,0,0,1,0,0,0,0
es_1426,es,0,1,1,1,1,1,1,1
es_752,es,0,0,1,1,1,1,0,1
es_732,es,1,1,1,1,1,1,1,1
es_677,es,0,0,0,1,0,0,0,0
es_1753,es,0,1,1,1,1,1,1,1
es_653,es,0,0,0,1,1,0,0,0
es_1595,es,0,0,0,1,0,0,0,1
es_1154,es,1,1,1,1,1,1,1,1
es_901,es,0,1,1,1,1,1,1,1
es_984,es,0,1,1,1,1,1,1,1
es_2038,es,0,0,0,1,0,0,0,0
es_385,es,0,0,1,1,1,0,0,0
es_1107,es,1,1,1,1,1,1,1,1
es_1707,es,0,1,1,1,0,0,1,1
es_1724,es,0,1,1,1,1,1,1,1
es_1460,es,0,1,1,0,1,0,1,1
es_215,es,0,0,0,1,0,0,0,0
es_1135,es,0,1,1,1,1,1,1,1
es_1366,es,0,1,1,1,1,1,1,1
es_996,es,0,0,1,1,0,0,1,0
es_1514,es,0,1,1,1,1,1,1,1
es_1512,es,0,0,0,1,1,1,1,0
es_952,es,0,1,1,1,1,1,1,1
es_421,es,1,1,1,1,1,1,1,1
es_165,es,0,0,0,1,1,1,0,1
es_427,es,0,1,0,1,1,0,0,0
es_1687,es,0,1,1,1,1,1,1,1
es_203,es,0,0,1,1,1,0,0,1
es_806,es,0,1,1,1,1,1,1,1
es_688,es,0,0,1,1,0,0,0,0
es_1510,es,0,0,1,1,1,1,1,0
es_1158,es,0,1,1,1,0,1,0,1
es_851,es,0,0,1,1,1,0,1,1
es_542,es,0,0,0,1,0,0,0,0
es_714,es,0,0,0,1,1,0,0,0
es_561,es,0,1,1,1,1,1,1,1
es_1731,es,0,0,1,1,0,0,0,0
es_1577,es,0,0,0,1,0,0,0,0
es_885,es,0,1,1,1,1,1,1,1
es_1540,es,0,0,1,1,0,1,1,0
es_1185,es,0,1,1,0,1,1,1,1
es_1155,es,1,0,1,1,1,0,1,1
es_266,es,0,0,0,1,1,0,0,0
es_1673,es,0,1,1,1,1,1,1,1
es_1332,es,0,0,1,1,0,0,0,0
es_564,es,0,1,1,1,1,1,1,1
es_395,es,0,1,1,1,1,1,1,1
es_435,es,0,1,1,1,1,1,1,1
es_1765,es,0,1,1,1,1,1,1,1
es_198,es,0,1,1,1,1,1,1,0
es_2027,es,0,1,1,1,1,1,1,1
es_1768,es,1,1,1,1,1,1,1,1
es_573,es,0,0,0,1,0,0,0,0
es_636,es,0,0,0,0,0,0,0,0
es_968,es,1,1,1,1,1,0,1,1
es_205,es,0,0,0,1,0,0,0,0
es_1352,es,0,1,1,1,1,1,1,1
es_944,es,0,0,0,1,0,0,0,1
es_843,es,0,1,1,1,1,1,1,1
es_1497,es,0,1,1,1,1,1,1,1
es_145,es,0,0,0,1,0,0,0,0
es_1895,es,0,0,0,1,0,0,0,0
es_2028,es,0,1,1,1,1,0,0,0
es_794,es,0,0,1,1,1,1,1,1
es_904,es,0,0,1,1,1,1,0,1
es_1183,es,1,1,1,1,1,1,1,1
es_167,es,0,0,1,1,1,1,0,1
es_413,es,0,1,1,1,1,1,1,1
es_1420,es,0,1,1,1,1,0,0,1
es_1866,es,0,1,1,1,1,1,1,1
es_1178,es,0,1,1,1,1,1,1,1
es_1174,es,0,1,1,1,1,1,1,1
es_1624,es,0,1,1,1,1,1,1,1
es_1708,es,0,1,0,1,0,0,0,0
es_2073,es,1,1,1,1,1,0,1,1
es_1861,es,0,1,1,1,1,1,1,1
es_2008,es,0,1,1,1,1,1,1,1
es_2079,es,0,1,1,1,1,1,1,1
es_655,es,0,1,1,1,1,1,1,1
es_494,es,0,0,1,1,1,0,0,1
es_2010,es,0,0,1,1,1,1,1,1
es_1567,es,1,0,1,1,1,0,0,1
es_1350,es,0,1,1,1,1,1,1,1
es_1889,es,0,1,1,1,1,1,1,1
es_1881,es,0,0,0,1,1,0,0,1
es_1630,es,0,1,1,1,1,1,1,1
es_1860,es,1,1,1,1,1,1,1,1
es_995,es,0,0,1,1,0,0,0,0
es_1554,es,0,0,1,1,1,1,0,1
es_1781,es,0,0,0,1,0,0,0,0
es_1424,es,0,0,0,1,1,0,0,0
es_689,es,0,0,0,1,0,0,0,0
es_1811,es,1,1,1,1,1,1,1,1
es_1498,es,0,1,1,1,1,0,1,1
es_1461,es,0,0,0,1,1,0,0,1
es_629,es,0,1,1,1,1,1,1,1
es_938,es,0,1,1,1,1,1,1,1
es_1793,es,0,0,1,1,0,0,0,0
es_1732,es,0,1,1,1,1,1,1,1
es_1308,es,0,1,1,1,1,1,1,1
es_1701,es,0,1,1,1,1,1,1,1
es_1464,es,0,1,1,1,1,1,1,1
es_1865,es,0,1,1,1,1,1,1,1
es_1627,es,0,0,1,1,1,1,1,0
es_1448,es,0,1,1,1,1,1,1,1
es_245,es,0,0,0,1,0,0,0,0
es_957,es,0,0,1,1,1,1,1,1
es_1409,es,0,1,0,1,1,0,0,0
es_1331,es,0,0,0,1,0,0,0,0
es_1134,es,1,1,1,1,1,1,1,1
es_418,es,0,0,0,1,0,0,0,0
es_1556,es,0,0,1,1,1,1,1,0
es_560,es,0,1,1,1,1,1,1,1
es_136,es,0,0,0,1,0,0,0,0
es_1119,es,0,0,1,1,0,0,0,0
es_988,es,0,1,1,1,1,1,1,1
es_1827,es,0,1,1,1,1,1,1,1
es_993,es,1,1,1,1,1,1,1,1
es_199,es,0,0,1,1,1,0,1,1
es_2000,es,0,1,1,1,1,1,1,1
es_1605,es,0,1,1,1,1,1,1,1
es_868,es,0,0,1,1,0,0,1,1
es_1341,es,0,1,1,1,1,1,1,1
es_1896,es,0,1,1,1,1,1,1,1
es_491,es,0,1,1,1,1,1,1,1
es_1808,es,0,0,1,1,1,1,1,1
es_1462,es,0,1,1,1,1,1,1,1
es_1678,es,0,0,1,1,1,1,1,1
es_512,es,0,1,1,1,1,1,1,1
es_572,es,0,0,1,1,1,1,1,1
es_1815,es,0,1,1,1,1,1,1,1
es_1654,es,0,1,1,1,1,1,1,1
es_983,es,0,1,1,1,1,1,1,1
es_946,es,1,0,1,1,1,1,1,1
es_2096,es,0,1,1,1,1,1,1,1
es_1319,es,0,1,1,1,1,1,1,1
es_1703,es,0,1,1,1,1,1,1,1
es_684,es,0,0,1,1,1,0,1,1
es_128,es,0,1,0,1,1,0,0,1
es_472,es,0,1,1,1,1,0,1,1
es_824,es,1,0,1,1,0,1,0,0
es_1620,es,0,0,1,0,0,0,0,0
es_440,es,0,1,1,1,1,1,1,1
es_1784,es,0,1,1,1,1,1,1,1
es_847,es,0,1,1,1,1,1,1,1
es_1376,es,0,0,0,1,0,0,0,0
es_2018,es,1,0,1,1,1,0,0,1
es_182,es,0,0,0,1,0,0,0,0
es_1146,es,0,1,1,1,1,0,1,0
es_627,es,0,0,0,1,0,0,0,0
es_1833,es,1,0,1,1,1,0,1,1
es_1836,es,0,1,1,1,1,1,1,1
es_448,es,1,1,1,1,1,1,1,1
es_818,es,0,0,0,1,0,0,0,0
es_745,es,0,1,1,1,1,1,1,1
es_338,es,0,1,1,1,1,1,1,1
es_1541,es,1,1,1,1,1,0,0,1
es_1758,es,0,1,1,1,1,1,1,1
es_237,es,0,0,1,1,0,0,0,0
es_311,es,1,1,1,1,1,1,1,1
es_123,es,0,1,1,1,1,0,0,1
es_641,es,0,1,1,1,1,1,1,1
es_133,es,0,0,0,1,0,0,0,0
es_1660,es,0,0,0,0,0,1,1,1
es_2060,es,0,1,1,1,1,1,1,1
es_832,es,0,0,1,1,1,1,1,1
es_1360,es,0,0,0,1,0,0,0,0
es_1867,es,0,1,1,1,1,1,1,1
es_1330,es,0,1,1,1,1,1,1,1
es_1786,es,0,0,1,1,0,0,0,1
es_1477,es,0,0,0,1,1,0,1,1
es_557,es,0,0,1,1,0,0,0,0
es_591,es,1,1,1,1,1,1,1,1
es_1329,es,0,0,0,1,0,0,0,0
es_1358,es,0,1,0,1,1,1,1,1
es_978,es,0,0,0,1,1,0,0,1
es_1455,es,0,0,0,1,1,0,0,0
es_672,es,0,1,0,1,1,1,1,1
es_364,es,1,1,1,1,1,1,1,1
es_735,es,0,0,1,1,1,0,1,1
es_635,es,0,1,1,1,1,1,1,1
es_1515,es,0,0,0,1,1,0,0,1
es_759,es,0,0,1,1,1,0,0,1
es_2023,es,0,1,1,1,1,1,1,1
es_1487,es,0,1,1,1,1,1,1,1
es_2084,es,0,0,0,1,1,1,0,1
es_876,es,0,0,0,1,1,0,0,0
es_712,es,0,0,0,1,0,0,0,0
es_2021,es,0,1,1,1,1,1,1,1
es_807,es,0,1,1,1,1,1,1,1
es_767,es,0,0,0,1,1,0,0,1
es_923,es,0,0,1,1,1,0,1,1
es_1648,es,0,1,1,1,1,1,1,1
es_1172,es,0,1,1,1,1,1,1,1
es_376,es,0,1,1,1,1,1,1,1
es_1112,es,1,1,1,1,1,1,1,1
es_1195,es,0,0,1,1,0,0,0,0
es_1571,es,0,1,1,1,1,1,1,1
es_389,es,1,0,1,1,1,0,1,1
es_1667,es,0,1,1,1,1,1,1,1
es_594,es,0,0,1,1,0,0,1,0
es_383,es,1,1,1,1,1,1,1,1
es_1182,es,0,1,1,1,1,1,1,1
es_424,es,0,1,1,1,1,1,1,1
es_482,es,0,1,1,1,1,1,1,1
es_1402,es,0,0,0,1,0,0,0,0
es_761,es,1,1,1,1,1,1,1,1
es_399,es,0,1,1,1,1,1,1,1
es_1317,es,0,0,1,1,1,1,0,0
es_964,es,0,0,1,1,1,0,1,1
es_1142,es,1,1,1,1,1,0,1,1
es_404,es,0,1,1,1,1,1,1,1
es_953,es,0,0,1,1,0,0,0,0
es_710,es,0,1,1,1,1,1,1,1
es_1743,es,1,1,1,1,1,1,1,1
es_584,es,0,1,1,1,1,1,1,1
es_1782,es,1,1,1,1,1,1,0,1
es_336,es,0,0,1,1,1,1,1,1
es_1691,es,0,1,1,1,1,1,1,1
es_1342,es,1,1,1,1,1,1,1,1
es_276,es,0,0,1,1,0,0,1,0
es_942,es,1,0,0,1,0,0,0,0
es_285,es,0,1,1,1,1,0,1,1
es_274,es,0,0,1,1,1,0,0,1
es_1641,es,0,1,1,1,1,1,1,1
es_860,es,0,0,1,1,1,1,0,0
es_568,es,0,0,1,1,1,1,1,0
es_1700,es,0,1,1,1,1,1,1,1
es_679,es,0,0,0,1,1,0,0,0
es_855,es,0,0,1,1,1,0,0,0
es_394,es,0,0,1,1,1,1,1,1
es_955,es,0,0,1,1,1,0,0,0
es_1847,es,1,1,1,1,1,1,1,1
es_676,es,0,1,1,1,1,1,1,1
es_1894,es,0,1,1,1,1,1,1,1
es_716,es,0,0,0,1,0,0,0,0
es_867,es,0,0,1,1,0,0,0,0
es_524,es,0,0,0,1,1,1,1,1
es_280,es,0,0,0,1,0,0,0,0
es_308,es,1,1,1,1,1,1,1,1
es_1412,es,0,0,0,0,0,0,0,0
es_963,es,0,1,1,1,1,1,1,1
es_430,es,1,1,1,1,1,1,1,1
es_1846,es,1,1,1,1,1,1,1,1
es_1714,es,0,0,1,1,0,0,0,1
es_319,es,0,1,1,1,0,0,0,1
es_1356,es,0,0,1,1,1,0,0,0
es_290,es,1,0,1,1,0,0,1,1
es_1829,es,0,1,1,1,1,1,1,1
es_1519,es,0,1,1,1,1,1,1,1
es_1675,es,0,0,1,1,1,0,0,1
es_460,es,1,1,1,1,1,1,1,1
es_1365,es,0,0,1,1,1,1,1,1
es_416,es,0,0,0,1,0,0,0,0
es_1150,es,0,1,1,1,1,1,1,1
es_191,es,0,0,1,1,0,0,0,0
es_1773,es,0,1,1,1,1,1,1,1
es_233,es,0,1,1,1,0,1,0,1
es_1301,es,0,0,1,1,0,0,0,0
es_559,es,0,1,1,1,1,1,1,1
es_1161,es,0,1,1,1,1,0,1,1
es_1148,es,0,1,1,1,1,1,1,1
es_915,es,0,0,1,1,1,1,0,1
es_1882,es,0,1,1,1,1,1,0,1
es_1644,es,0,0,1,1,1,0,0,1
es_444,es,0,1,1,1,1,1,1,1
es_639,es,0,0,0,1,0,0,0,0
es_180,es,0,0,1,1,1,0,0,1
es_2070,es,0,1,1,1,1,1,1,1
es_296,es,0,0,1,1,0,0,0,1
es_1698,es,0,0,0,1,0,0,0,0
es_1742,es,0,1,1,1,1,1,1,0
es_2029,es,0,1,1,1,1,1,1,1
es_330,es,1,1,1,1,1,1,1,0
es_681,es,0,1,1,1,1,1,1,1
es_1326,es,0,0,0,1,0,1,0,0
es_1745,es,0,1,1,1,1,1,1,1
es_611,es,1,0,1,1,1,0,1,1
es_1111,es,0,1,1,1,0,0,1,0
es_2072,es,0,0,1,1,1,0,1,0
es_1617,es,0,0,1,1,1,1,1,1
es_357,es,0,1,1,1,1,1,1,1
es_396,es,1,1,1,1,1,1,1,1
es_1734,es,0,1,1,1,1,1,1,1
it_1231,it,0,0,0,1,0,1,0,1
it_1713,it,0,1,1,1,1,1,1,1
it_1474,it,0,0,0,1,0,0,0,0
it_58,it,0,0,1,1,1,1,0,1
it_511,it,0,0,1,1,1,0,0,0
it_1634,it,0,0,0,1,0,1,0,0
it_1798,it,0,1,1,1,1,1,0,1
it_665,it,0,0,0,1,1,1,1,1
it_1200,it,0,0,1,1,1,1,1,1
it_523,it,0,1,0,1,0,0,0,0
it_843,it,0,0,0,1,0,0,0,0
it_700,it,0,1,0,1,0,1,0,0
it_1753,it,0,1,1,1,1,1,1,1
it_1770,it,1,0,0,1,0,0,0,0
it_1443,it,0,1,1,1,1,1,1,1
it_1626,it,0,0,0,1,0,0,1,0
it_630,it,0,0,0,1,1,1,0,0
it_1104,it,0,0,1,1,0,0,0,0
it_1717,it,0,0,1,1,0,0,0,1
it_640,it,0,0,1,1,0,0,0,0
it_625,it,0,1,1,1,1,1,1,1
it_1155,it,1,1,1,1,1,1,1,1
it_1641,it,1,1,1,1,1,1,1,1
it_876,it,0,0,0,1,1,0,0,0
it_776,it,1,0,0,1,0,0,0,0
it_1779,it,1,0,0,1,0,0,0,0
it_82,it,0,1,1,1,1,1,1,1
it_355,it,1,1,1,1,0,0,0,1
it_1640,it,0,1,1,1,0,0,0,1
it_1020,it,1,0,1,1,0,0,0,0
it_598,it,1,0,1,1,1,0,0,1
it_210,it,1,0,0,1,0,0,0,0
it_1097,it,0,1,1,1,1,1,1,1
it_996,it,0,0,0,1,0,0,0,0
it_304,it,0,1,1,1,1,0,0,1
it_1289,it,0,0,1,1,0,0,0,0
it_208,it,0,0,0,1,1,1,1,0
it_41,it,0,0,1,1,1,0,0,0
it_1127,it,0,0,0,1,1,0,1,1
it_546,it,1,0,1,1,0,0,0,0
it_205,it,0,0,0,1,0,0,0,0
it_212,it,0,1,1,1,1,1,1,1
it_1553,it,0,0,0,1,0,0,0,0
it_437,it,0,1,1,1,1,0,0,0
it_194,it,0,0,0,1,0,0,0,0
it_1524,it,0,0,1,1,1,1,0,1
it_971,it,0,0,0,1,0,0,0,1
it_480,it,1,0,0,1,0,0,0,0
it_1108,it,0,1,1,1,1,1,1,1
it_1178,it,0,0,1,1,0,1,1,0
it_1136,it,0,0,1,1,1,1,0,0
it_306,it,0,0,1,1,0,0,0,0
it_614,it,0,1,0,1,1,1,0,1
it_370,it,0,1,1,1,1,1,1,1
it_750,it,0,0,0,1,1,0,0,0
it_417,it,0,1,1,1,1,1,1,1
it_736,it,0,0,1,1,1,0,0,1
it_445,it,0,0,0,1,0,0,0,0
it_583,it,0,1,1,1,1,1,1,1
it_690,it,0,0,0,1,0,0,0,0
it_1454,it,0,0,0,1,1,0,0,1
it_892,it,0,0,0,1,0,0,0,0
it_910,it,1,0,0,1,0,0,0,0
it_1637,it,0,1,1,1,1,1,1,1
it_922,it,0,0,1,1,0,0,0,0
it_766,it,0,0,0,1,0,0,0,0
it_530,it,0,0,0,1,0,0,0,0
it_950,it,1,1,1,1,1,1,1,1
it_1746,it,0,0,1,1,1,0,0,1
it_1371,it,0,0,0,1,0,0,0,0
it_739,it,0,0,0,1,0,0,0,0
it_77,it,0,1,0,1,0,1,0,0
it_1165,it,0,0,0,1,0,0,0,0
it_440,it,0,1,1,1,1,1,1,1
it_1699,it,1,1,1,1,1,1,1,1
it_709,it,1,0,1,1,0,0,0,0
it_1797,it,0,0,0,1,0,0,0,0
it_983,it,0,0,0,1,1,1,1,1
it_696,it,1,0,0,1,0,0,0,0
it_810,it,0,1,0,1,0,1,0,0
it_584,it,1,1,1,1,0,1,0,0
it_1471,it,0,0,0,1,0,0,1,0
it_1210,it,0,0,0,1,0,0,0,0
it_470,it,0,0,0,0,0,0,0,0
it_1423,it,0,0,1,1,1,1,0,0
it_1033,it,1,0,0,1,0,0,0,0
it_919,it,0,1,1,1,1,1,0,0
it_242,it,0,0,1,1,1,1,0,1
it_268,it,0,1,1,1,1,1,1,1
it_941,it,0,0,1,0,0,1,1,1
it_1313,it,0,0,1,1,0,0,0,0
it_1677,it,0,0,1,1,1,1,0,1
it_218,it,0,1,1,1,1,1,1,1
it_1278,it,0,0,1,1,1,1,1,1
it_1787,it,0,0,0,1,0,0,0,0
it_238,it,0,0,0,1,0,0,0,0
it_363,it,0,0,0,1,0,0,0,0
it_1321,it,0,0,0,1,0,1,0,1
it_1477,it,0,0,0,1,1,0,0,0
it_442,it,1,1,1,1,1,1,1,1
it_413,it,0,1,1,1,1,1,1,1
it_1100,it,0,1,1,1,1,1,1,1
it_410,it,0,0,1,1,0,0,0,0
it_1135,it,0,1,1,1,1,1,1,1
it_405,it,0,0,0,1,1,0,0,0
it_982,it,0,0,1,1,0,0,0,1
it_482,it,0,0,0,1,0,0,0,0
it_1366,it,0,0,1,1,0,0,0,0
it_531,it,0,1,0,1,1,1,0,1
it_89,it,1,1,1,1,1,1,1,1
it_536,it,0,0,0,1,0,0,0,0
it_1464,it,0,1,1,1,1,1,1,1
it_1367,it,0,1,1,1,1,1,1,1
it_203,it,0,1,1,1,1,1,1,1
it_1023,it,0,0,1,1,0,0,0,0
it_850,it,0,0,0,1,0,1,0,1
it_742,it,0,1,1,1,1,1,1,1
it_1192,it,1,1,1,1,1,1,0,1
it_372,it,0,0,1,1,0,0,0,0
it_1047,it,0,0,0,1,0,0,0,0
it_290,it,0,0,0,1,0,0,0,0
it_225,it,1,1,1,1,0,1,0,0
it_1101,it,0,1,1,1,1,0,0,1
it_1441,it,0,0,0,1,0,0,0,0
it_174,it,0,1,1,1,1,1,1,1
it_1519,it,1,1,1,1,1,1,0,1
it_1707,it,0,0,1,1,1,0,0,0
it_659,it,0,0,0,1,0,1,0,0
it_1077,it,1,0,0,1,0,0,0,0
it_95,it,0,0,0,1,0,0,0,0
it_1072,it,0,0,0,0,0,0,0,0
it_834,it,0,0,1,1,0,0,0,0
it_1533,it,0,0,1,1,0,0,0,0
it_977,it,1,0,0,1,0,0,0,0
it_449,it,0,0,1,1,0,0,0,0
it_1068,it,0,1,1,1,1,1,1,1
it_1560,it,1,0,1,1,0,0,1,1
it_1318,it,0,0,0,1,0,1,0,0
it_259,it,0,0,0,1,0,1,0,1
it_163,it,0,1,1,1,0,1,0,0
it_1390,it,0,0,1,1,0,1,1,0
it_265,it,0,0,0,1,0,0,0,0
it_646,it,1,0,1,0,1,1,1,1
it_65,it,0,0,1,1,0,0,0,0
it_289,it,0,0,0,1,0,0,0,0
it_1053,it,0,0,1,1,0,0,0,0
it_737,it,0,1,0,1,1,1,1,1
it_1168,it,0,0,0,1,0,0,0,0
it_400,it,0,0,0,1,0,1,0,0
it_1323,it,0,1,1,1,1,1,1,1
it_1307,it,1,1,1,1,1,1,1,1
it_390,it,0,1,1,1,1,1,1,1
it_1009,it,0,0,1,1,1,1,0,1
it_1280,it,0,0,0,1,0,1,0,0
it_375,it,0,0,0,1,1,0,0,0
it_980,it,0,0,0,1,1,1,1,0
it_1342,it,0,1,1,1,1,1,1,1
it_802,it,0,0,1,1,1,1,1,1
it_1535,it,0,0,0,1,1,1,0,0
it_894,it,0,0,0,1,1,1,0,1
it_1170,it,0,0,0,1,0,0,0,0
it_1421,it,0,1,1,1,1,1,1,1
it_108,it,0,0,0,1,0,0,0,0
it_765,it,1,0,1,1,1,1,1,1
it_581,it,0,1,1,1,1,1,1,1
it_1620,it,0,1,0,1,1,0,1,1
it_368,it,0,1,1,1,1,0,0,1
it_1343,it,0,1,1,1,1,0,0,1
it_1702,it,0,0,1,1,1,1,0,1
it_725,it,0,1,1,1,1,1,1,1
it_800,it,1,0,1,1,1,1,1,1
it_773,it,1,0,1,1,0,0,0,1
it_1587,it,0,0,0,1,0,0,0,0
it_1487,it,0,1,0,1,1,0,1,1
it_1463,it,1,1,1,1,1,0,1,1
it_196,it,0,0,0,1,0,0,0,0
it_4,it,0,0,0,1,0,0,0,0
it_840,it,0,1,1,1,0,1,1,0
it_394,it,0,0,0,1,0,0,0,0
it_655,it,0,1,1,1,1,1,1,1
it_786,it,0,1,1,1,0,0,0,1
it_1731,it,0,0,0,1,1,0,0,0
it_714,it,0,0,1,1,0,0,0,0
it_312,it,0,0,0,1,0,0,0,0
it_1305,it,0,0,0,1,1,1,1,0
it_1082,it,0,1,1,1,0,0,1,0
it_88,it,0,0,0,0,0,0,0,0
it_845,it,0,1,1,1,1,1,1,0
it_600,it,0,0,0,1,0,0,0,0
it_476,it,1,1,1,1,1,1,1,1
it_769,it,0,1,1,1,1,0,0,0
it_1742,it,0,0,0,1,0,0,0,0
it_1782,it,0,0,0,1,0,0,0,0
it_1185,it,0,1,1,1,1,1,1,1
it_1719,it,0,0,0,1,0,0,0,0
it_1132,it,1,0,0,1,1,0,0,0
it_1456,it,0,0,0,1,0,0,0,0
it_722,it,1,0,1,1,0,1,1,1
it_1269,it,0,0,0,1,0,0,0,0
it_1722,it,0,0,1,1,1,0,1,1
it_1536,it,0,0,1,1,0,0,0,0
it_1538,it,0,0,0,1,0,1,0,0
it_1681,it,1,1,1,1,1,1,1,1
it_1029,it,0,0,0,1,0,0,0,0
it_96,it,0,1,1,1,1,1,1,1
it_103,it,0,1,0,1,0,1,1,1
it_39,it,0,0,1,1,1,1,1,1
it_1720,it,0,0,1,1,0,0,0,0
it_730,it,0,0,1,1,0,0,0,0
it_785,it,0,0,1,1,0,0,0,0
it_178,it,0,0,1,1,1,1,1,1
it_1134,it,0,0,1,1,1,1,1,1
it_1052,it,0,0,1,1,0,0,0,0
it_483,it,1,1,1,1,1,1,1,1
it_580,it,0,0,0,1,0,0,0,0
it_1282,it,0,0,0,1,0,1,0,0
it_1002,it,0,0,0,1,1,1,1,1
it_75,it,0,0,0,1,0,0,0,0
it_1696,it,1,0,0,1,0,0,0,0
it_1276,it,0,0,0,0,0,1,1,0
it_53,it,0,0,0,1,0,0,0,0
it_842,it,0,1,1,1,1,1,1,1
it_868,it,0,0,0,1,0,0,0,0
it_495,it,0,0,1,1,0,0,0,0
it_1227,it,0,0,0,1,0,1,1,1
it_1768,it,0,0,1,1,0,0,0,0
it_1486,it,1,0,1,1,1,0,1,1
it_255,it,1,0,0,0,0,0,0,0
it_1000,it,1,1,1,1,1,1,1,1
it_1683,it,0,0,1,1,0,0,0,0
it_1676,it,0,1,1,1,1,0,0,0
it_148,it,0,0,0,1,0,0,0,1
it_8,it,1,0,0,1,0,0,0,0
it_1362,it,0,0,1,1,1,0,0,0
it_993,it,1,1,1,1,1,1,1,1
it_575,it,0,1,1,1,1,1,1,1
it_974,it,0,0,0,1,0,0,0,0
it_948,it,0,0,0,1,0,0,0,0
it_1171,it,0,1,1,1,1,1,1,1
it_1103,it,0,0,0,1,0,0,0,0
it_1451,it,0,1,1,1,1,1,1,1
it_113,it,0,1,1,1,1,1,0,1
it_1496,it,0,0,0,1,0,0,0,0
it_1491,it,0,1,1,1,1,0,1,1
it_392,it,0,1,0,1,1,1,1,1
it_295,it,1,0,0,1,0,1,0,0
it_1347,it,0,0,1,1,1,0,0,0
it_1198,it,0,0,0,1,0,0,0,0
it_123,it,1,1,1,1,1,1,1,0
it_16,it,1,1,1,1,1,0,1,1
it_35,it,0,0,0,1,0,0,0,0
it_329,it,1,0,0,1,0,1,0,0
it_412,it,0,0,0,1,0,0,0,0
it_1666,it,0,1,1,1,1,1,0,1
it_42,it,1,0,0,1,0,0,0,0
it_250,it,1,1,0,1,0,0,0,1
it_1513,it,0,1,1,1,1,1,1,1
it_262,it,0,0,0,1,0,0,0,0
it_1359,it,0,0,0,1,0,0,0,0
it_321,it,0,1,1,1,1,1,1,1
it_159,it,0,1,1,1,1,1,1,1
it_1795,it,0,0,0,1,0,0,0,0
it_952,it,0,1,1,1,1,1,1,1
it_848,it,1,1,1,1,1,1,1,1
it_1133,it,0,0,1,1,0,1,0,0
it_1015,it,0,0,0,1,0,0,0,0
it_721,it,0,1,0,1,0,0,1,0
it_117,it,0,0,0,1,1,0,0,1
it_292,it,0,1,1,1,1,1,1,1
it_627,it,0,0,0,1,0,0,0,0
it_349,it,0,0,0,1,0,0,1,1
it_1261,it,1,0,1,1,0,1,1,0
it_213,it,0,0,0,1,1,1,1,1
it_176,it,0,0,0,1,0,0,0,0
it_683,it,0,0,1,1,1,0,1,1
it_1298,it,0,1,1,1,1,1,1,1
it_548,it,0,1,1,1,1,1,1,1
it_1785,it,0,0,1,1,0,1,0,1
it_1457,it,1,0,1,1,0,0,0,0
it_677,it,0,0,0,1,0,0,0,0
it_1748,it,0,0,1,1,0,1,0,0
it_1523,it,0,0,0,1,0,0,0,0
it_107,it,0,0,0,1,0,0,0,0
it_131,it,0,1,1,1,1,1,1,1
it_672,it,0,1,1,1,1,0,0,1
it_273,it,0,0,1,1,0,0,0,0
it_1105,it,0,1,1,1,1,1,0,1
it_1355,it,0,1,1,1,1,1,1,1
it_446,it,0,0,1,1,0,0,0,0
it_1159,it,0,1,1,1,1,1,1,1
it_40,it,0,0,0,1,0,0,0,0
it_373,it,0,1,1,1,1,1,1,1
it_471,it,0,0,0,1,0,0,0,0
it_260,it,0,1,1,1,1,0,1,1
it_943,it,0,0,1,1,1,1,0,0
it_905,it,0,0,0,0,0,1,0,0
it_508,it,0,0,1,1,1,1,0,0
it_1400,it,0,0,1,1,0,0,0,1
it_728,it,0,0,1,1,0,0,0,0
it_619,it,1,0,0,1,0,0,0,0
it_1548,it,0,0,1,1,1,1,0,1
it_1118,it,1,0,0,1,0,0,0,0
it_1172,it,0,1,1,1,1,1,0,0
it_1259,it,1,0,1,1,0,0,0,1
it_1126,it,0,0,0,1,0,0,0,0
it_561,it,0,0,1,1,0,0,0,0
it_1645,it,0,1,1,1,0,1,1,0
it_1220,it,0,1,1,1,1,1,1,1
it_571,it,0,0,0,1,0,0,0,0
it_994,it,0,1,1,1,0,0,0,0
it_512,it,1,0,0,1,0,0,0,0
it_997,it,0,0,1,1,0,0,0,0
it_175,it,0,0,1,1,0,0,0,0
it_1312,it,1,1,1,1,1,1,1,1
it_1055,it,0,1,1,1,1,1,1,1
it_1383,it,0,0,0,1,1,1,1,0
it_1078,it,0,1,1,1,1,1,1,1
it_278,it,0,0,0,1,0,1,0,0
it_402,it,0,0,0,1,1,0,0,1
it_1788,it,0,0,1,1,0,0,0,0
it_715,it,0,0,0,1,0,1,0,0
it_459,it,0,0,1,1,0,1,0,1
it_1437,it,1,0,1,1,1,1,1,1
it_351,it,0,0,0,1,0,0,0,0
it_1384,it,0,1,0,1,1,0,1,0
it_885,it,0,0,0,1,0,0,0,0
it_151,it,0,1,0,1,0,1,0,0
it_438,it,0,1,1,1,0,0,0,0
it_542,it,0,0,0,1,0,1,0,0
it_679,it,1,1,1,1,1,1,1,1
it_764,it,0,0,1,1,1,1,0,1
it_1470,it,0,0,0,1,0,0,0,0
it_162,it,1,0,1,1,0,0,0,0
it_694,it,0,0,0,1,0,0,0,0
it_85,it,0,0,1,1,0,0,0,0
it_1067,it,0,0,0,1,0,0,0,0
it_1718,it,1,0,0,1,0,1,0,1
it_1629,it,0,0,1,1,0,0,0,0
it_504,it,0,0,1,1,0,1,0,0
it_127,it,0,1,0,1,0,0,0,1
it_1273,it,0,0,0,1,0,1,1,0
it_60,it,0,1,1,1,1,1,1,1
it_964,it,0,1,0,1,1,1,0,0
it_350,it,0,0,0,1,0,0,0,0
it_1680,it,0,0,1,1,1,1,1,1
it_969,it,0,0,0,1,0,1,0,0
it_685,it,1,0,1,1,0,1,0,0
it_211,it,0,0,1,1,0,0,0,0
it_223,it,0,0,0,1,0,0,0,0
it_1796,it,0,0,0,1,0,0,0,0
it_84,it,0,0,0,1,1,0,0,0
it_1205,it,0,0,0,1,0,0,0,0
it_1150,it,0,1,1,1,1,1,1,1
it_1143,it,0,0,0,1,0,0,0,0
it_886,it,0,0,0,1,0,0,0,0
it_140,it,1,1,0,1,0,0,0,0
it_133,it,0,1,1,1,1,1,1,1
it_1237,it,0,0,1,1,1,0,0,0
it_745,it,0,0,0,0,0,0,0,0
it_1771,it,0,0,0,1,0,0,0,0
it_701,it,1,0,1,1,0,1,0,0
it_1759,it,0,0,0,0,0,0,0,0
it_1537,it,1,1,1,1,1,1,1,0
it_184,it,0,1,1,1,1,1,1,1
it_331,it,0,1,1,1,1,0,0,0
it_1706,it,1,0,0,1,0,1,1,1
it_1024,it,0,0,1,1,1,1,0,0
it_1685,it,1,0,1,1,0,0,0,0
it_101,it,0,0,1,1,0,0,0,0
it_425,it,0,0,0,1,0,0,0,0
it_240,it,0,0,0,1,0,0,0,0
it_1043,it,0,0,0,1,0,0,0,0
it_898,it,0,0,0,1,0,0,0,0
it_340,it,0,0,0,0,0,1,0,1
it_759,it,0,0,0,1,0,0,0,0
it_951,it,0,0,0,1,0,0,0,0
it_1668,it,0,0,1,1,1,1,1,1
it_1738,it,0,0,0,1,0,0,0,0
it_658,it,0,0,0,1,0,0,0,0
it_160,it,0,0,0,1,0,0,0,0
it_1022,it,0,0,1,1,1,1,0,1
it_1110,it,0,1,1,1,0,1,0,0
it_1526,it,0,0,1,1,0,1,0,0
it_1223,it,0,0,0,1,0,0,0,0
it_1008,it,0,0,1,1,0,0,0,0
it_660,it,0,0,1,1,0,0,0,0
it_215,it,0,1,1,1,0,0,0,0
it_1151,it,0,0,1,1,0,0,0,0
it_1609,it,0,0,0,1,0,1,0,0
it_142,it,0,0,1,1,0,0,0,0
it_1693,it,0,0,1,1,0,0,0,0
it_1703,it,0,0,0,1,0,0,0,0
it_1545,it,0,1,0,1,1,0,1,0
it_560,it,1,0,0,1,0,0,0,0
it_540,it,0,1,1,1,1,1,0,0
it_1499,it,0,1,1,1,1,1,1,1
it_378,it,0,1,1,1,1,1,1,1
it_638,it,1,0,1,1,0,0,0,0
it_150,it,1,0,1,1,0,0,0,0
it_846,it,0,1,0,1,0,1,0,1
it_1520,it,0,0,0,0,0,0,0,0
it_1325,it,0,0,0,1,1,0,1,0
it_1284,it,0,1,1,1,1,1,1,1
it_960,it,0,0,0,1,0,1,0,1
it_1239,it,0,1,0,1,0,0,0,0
it_315,it,0,0,0,1,0,0,0,0
it_132,it,0,1,1,1,1,1,0,0
it_80,it,1,0,0,1,0,0,0,0
it_1122,it,0,0,0,1,0,1,1,0
it_1217,it,0,0,0,1,0,0,0,0
it_1481,it,0,0,1,1,0,0,0,0
it_336,it,1,1,1,1,0,0,0,1
it_11,it,0,1,1,1,1,1,1,1
it_1248,it,1,1,0,1,1,1,1,1
it_651,it,0,0,0,1,1,1,0,0
it_361,it,0,0,0,1,0,0,0,1
it_669,it,0,0,1,1,1,1,0,1
it_1190,it,1,0,1,1,0,0,0,1
it_6,it,0,0,1,1,0,0,0,0
it_1303,it,0,1,1,1,1,1,1,1
it_1330,it,0,0,0,1,0,1,1,0
it_1350,it,0,1,1,1,1,1,1,1
it_177,it,0,0,0,1,0,1,0,0
it_1662,it,0,0,0,0,0,1,0,0
it_461,it,0,1,1,1,1,1,1,1
it_1073,it,0,1,1,1,1,1,1,0
it_1425,it,1,0,0,1,0,0,0,0
it_527,it,0,1,1,1,1,1,1,1
it_277,it,0,1,0,1,1,0,0,1
it_1144,it,0,1,0,1,0,0,1,0
it_320,it,0,0,1,1,0,0,0,0
it_1493,it,0,1,1,1,0,1,1,0
it_1613,it,0,0,0,1,0,0,0,0
it_45,it,0,1,1,1,1,1,1,1
it_365,it,0,0,1,1,0,0,0,0
it_1308,it,1,1,1,1,1,0,1,0
it_1507,it,0,0,0,1,0,0,0,0
it_1574,it,0,0,0,1,0,0,0,0
it_1772,it,1,0,0,1,0,0,0,0
it_931,it,1,1,1,1,1,1,1,1
it_1799,it,1,0,0,1,0,0,0,0
it_833,it,0,0,0,1,0,0,0,0
it_1729,it,0,0,0,1,0,0,0,0
it_1756,it,0,0,0,1,1,0,0,1
it_814,it,1,0,0,1,0,0,0,0
it_1725,it,0,0,0,1,0,0,0,0
it_674,it,0,0,0,1,1,1,1,0
it_1277,it,0,1,1,1,0,0,0,0
it_1406,it,0,0,1,1,0,0,0,1
it_386,it,0,0,1,1,1,1,0,0
it_990,it,1,1,1,1,0,0,0,0
it_1664,it,0,1,1,1,1,1,1,1
it_128,it,0,0,0,1,0,0,0,0
it_1446,it,1,1,1,1,1,1,1,1
it_157,it,0,1,1,1,0,1,0,0
it_889,it,0,0,0,1,0,0,0,0
it_1534,it,0,0,1,1,1,1,0,0
it_164,it,0,1,1,1,1,1,0,1
it_1215,it,0,1,1,1,1,1,0,1
it_556,it,1,0,0,1,0,0,0,0
it_1630,it,0,1,0,1,0,0,1,0
it_510,it,0,1,1,1,1,1,1,1
it_1076,it,0,0,0,1,0,0,0,0
it_1475,it,0,0,0,1,1,0,0,1
it_62,it,1,0,1,1,0,0,0,0
it_662,it,1,0,0,1,0,0,0,0
it_1337,it,0,0,1,1,1,1,1,1
it_779,it,0,1,1,1,1,1,1,1
it_305,it,0,1,1,1,1,1,1,1
it_1288,it,0,0,1,1,1,1,1,1
it_1442,it,1,0,0,1,0,1,0,1
it_1232,it,0,0,0,1,0,0,0,1
it_713,it,0,1,1,1,1,1,1,1
it_279,it,1,1,1,1,1,0,1,1
it_1225,it,0,1,0,1,0,1,0,1
it_3,it,0,0,0,1,0,0,0,0
it_1570,it,0,0,0,1,0,0,0,0
it_918,it,1,0,1,1,0,0,0,0
it_661,it,0,0,1,1,1,1,0,0
it_1290,it,0,0,0,1,1,0,0,1
it_1115,it,0,0,1,1,0,0,1,1
it_1206,it,0,1,1,1,1,1,1,1
it_1046,it,1,0,0,1,0,0,0,0
it_602,it,0,0,1,1,1,1,0,0
it_1502,it,0,0,0,0,0,0,0,0
it_1497,it,0,0,1,1,1,1,1,1
it_1506,it,0,1,1,1,0,1,0,1
it_1542,it,0,0,0,1,0,0,0,0
it_1152,it,0,0,0,1,0,0,0,0
it_1444,it,0,1,1,1,1,1,1,1
it_699,it,0,0,0,1,1,1,1,1
it_1774,it,1,1,1,1,0,0,0,1
it_883,it,0,1,1,1,1,1,1,1
it_1735,it,0,1,1,1,1,1,1,1
it_1414,it,0,0,1,1,1,1,0,1
it_1140,it,0,1,1,1,1,1,1,1
it_1389,it,1,1,1,1,1,1,1,1
it_354,it,1,0,1,1,0,0,0,1
it_1234,it,1,1,1,1,0,1,0,0
it_682,it,1,0,0,1,0,0,0,0
it_360,it,0,1,0,1,1,1,0,1
it_927,it,0,0,0,1,0,0,0,0
it_1014,it,0,1,1,1,1,0,1,0
it_1141,it,0,0,0,1,1,0,0,0
it_534,it,0,0,0,1,0,0,0,0
it_516,it,0,1,1,1,1,1,1,1
it_720,it,1,0,0,1,0,0,0,0
it_1372,it,0,1,1,1,1,1,1,1
it_1028,it,0,1,1,1,1,0,1,1
it_353,it,1,1,1,1,1,1,1,1
it_734,it,0,1,1,1,1,0,1,1
it_1435,it,0,0,0,1,0,0,0,0
it_916,it,0,0,0,1,0,0,0,0
it_1221,it,0,1,1,1,1,1,1,1
it_397,it,0,0,0,1,0,0,0,0
it_409,it,0,0,0,1,0,0,0,0
it_1005,it,1,0,1,1,0,0,0,0
it_871,it,0,1,1,1,1,1,1,1
it_1224,it,1,0,0,1,0,0,0,0
it_545,it,0,0,1,1,0,0,0,0
it_836,it,1,1,1,1,0,0,0,0
it_1069,it,0,1,1,1,1,1,1,1
it_444,it,0,0,1,1,0,0,0,0
it_717,it,0,0,0,1,1,1,0,0
it_954,it,0,1,1,1,0,1,1,1
it_501,it,0,0,0,1,0,0,0,0
it_1011,it,0,0,1,1,0,0,0,0
it_1672,it,0,1,1,1,1,1,1,1
it_1460,it,1,0,1,1,0,0,0,0
it_12,it,0,1,0,1,0,0,0,0
it_70,it,0,0,1,1,1,1,1,1
it_1311,it,0,1,1,1,1,1,1,1
it_168,it,1,0,1,1,0,1,0,0
it_330,it,0,1,1,1,1,1,0,0
it_697,it,0,1,1,1,1,1,1,1
it_754,it,0,0,0,1,0,0,0,0
it_102,it,0,0,1,1,1,0,1,1
it_110,it,0,0,0,1,1,1,1,0
it_1116,it,0,1,1,1,1,1,1,1
it_1356,it,0,0,1,1,0,0,0,0
it_1120,it,0,0,1,1,1,1,0,0
it_1621,it,0,1,1,1,0,0,0,0
it_1650,it,1,0,0,1,0,0,0,0
it_69,it,0,1,1,1,1,1,1,1
it_1584,it,1,1,1,1,0,1,0,1
it_576,it,0,1,1,1,1,1,1,1
it_835,it,0,0,1,1,0,0,0,0
it_1412,it,1,0,0,1,0,0,0,0
it_1578,it,0,0,0,1,0,0,0,0
it_1096,it,0,0,0,1,0,0,0,0
it_430,it,0,0,0,1,0,0,0,0
it_389,it,0,0,1,1,0,0,0,0
it_274,it,0,0,1,1,1,0,0,1
it_388,it,0,1,1,1,1,1,1,0
it_1124,it,0,0,0,1,0,0,0,0
it_379,it,0,1,1,1,1,1,1,1
it_1010,it,0,1,1,1,1,1,1,0
it_1809,it,0,0,0,1,1,1,1,0
it_606,it,0,0,0,1,0,0,0,0
it_179,it,0,1,1,1,1,1,0,1
it_1380,it,0,1,1,1,0,1,1,1
it_1488,it,1,0,0,1,0,0,0,0
it_1438,it,0,0,0,1,1,1,0,1
it_718,it,0,0,0,0,1,0,1,1
it_1623,it,0,0,0,1,0,0,0,1
it_1498,it,0,1,1,1,1,0,0,1
it_1433,it,0,0,0,1,0,0,0,0
it_90,it,0,1,1,1,1,1,1,0
it_514,it,0,0,0,0,1,1,1,1
it_692,it,0,1,0,1,0,1,0,0
it_673,it,0,1,1,1,1,0,1,1
it_652,it,0,1,1,1,1,1,1,1
it_1360,it,0,0,0,1,0,0,0,0
it_122,it,0,0,0,1,0,0,0,0
it_987,it,0,0,1,1,0,1,0,0
it_632,it,1,1,1,1,1,1,1,1
it_1332,it,0,1,1,1,1,0,1,1
it_431,it,0,0,0,1,1,0,1,0
it_1121,it,0,0,1,1,0,0,0,0
it_788,it,0,0,0,1,0,0,0,0
it_1602,it,0,1,0,1,1,1,0,1
it_1489,it,0,0,1,1,1,1,1,1
it_283,it,0,0,1,1,0,0,0,0
it_1684,it,0,0,0,1,0,0,0,0
it_775,it,0,1,1,1,1,1,1,1
it_322,it,0,1,1,1,1,1,1,1
it_711,it,1,0,1,1,0,1,0,0
it_547,it,0,0,1,1,1,1,1,1
it_1368,it,0,0,1,1,1,0,0,0
it_467,it,0,1,0,1,0,0,0,0
it_1219,it,1,0,1,1,0,0,0,1
it_1393,it,0,0,1,1,1,1,1,0
it_300,it,0,1,1,1,1,1,1,0
it_1410,it,1,0,1,1,1,0,1,1
it_1618,it,0,0,1,1,0,1,0,1
it_105,it,0,0,1,1,0,0,0,0
it_890,it,0,0,0,1,1,0,0,1
it_1080,it,0,0,0,1,1,1,1,1
it_1508,it,0,0,1,1,0,0,0,0
it_691,it,0,0,0,1,0,1,0,0
it_422,it,0,0,0,1,0,0,0,0
it_1800,it,0,0,0,1,1,0,0,0
it_78,it,0,0,0,1,0,1,0,0
it_1810,it,0,0,1,1,0,0,0,0
it_285,it,0,0,0,1,0,0,0,0
it_43,it,1,0,0,1,0,0,0,1
it_1396,it,0,0,1,1,0,0,0,0
it_899,it,0,1,1,1,1,1,1,1
it_32,it,0,0,0,1,1,1,0,1
it_1016,it,0,0,0,1,0,1,0,0
it_1211,it,0,0,0,1,0,0,0,0
it_185,it,0,1,0,1,1,1,0,1
it_54,it,1,0,0,1,1,1,0,0
it_827,it,0,0,0,1,0,0,0,0
it_383,it,0,0,0,1,0,0,0,1
it_1049,it,0,0,1,1,0,0,0,0
it_1297,it,0,0,0,1,0,0,0,0
it_936,it,1,0,1,1,0,0,0,0
it_880,it,0,0,1,1,1,0,0,1
it_366,it,0,0,0,1,0,1,0,0
it_21,it,1,0,1,1,0,0,0,0
it_251,it,0,0,0,1,0,0,0,0
it_891,it,0,0,1,1,0,1,0,0
it_435,it,0,0,0,1,0,0,0,0
it_1163,it,0,0,0,0,0,1,1,0
it_149,it,1,1,1,1,1,1,1,1
it_771,it,0,1,1,1,1,1,1,1
it_729,it,0,1,1,1,1,0,0,0
it_1270,it,0,1,1,1,1,1,1,1
it_224,it,0,0,0,1,0,0,0,0
it_333,it,1,0,0,1,0,0,0,0
it_153,it,0,0,0,1,1,1,0,1
it_109,it,0,0,1,1,0,0,0,0
it_706,it,0,0,1,1,0,0,0,0
it_648,it,0,0,1,1,1,0,0,1
it_588,it,0,0,0,1,0,0,0,0
it_615,it,0,1,1,1,1,1,1,0
it_276,it,1,0,0,1,0,0,0,0
it_787,it,0,0,1,1,0,0,1,0
it_743,it,0,1,1,1,1,1,1,1
it_1776,it,1,0,1,1,1,0,1,1
it_55,it,1,1,1,1,0,1,0,0
it_1791,it,1,0,0,1,0,1,0,0
it_233,it,1,1,0,1,1,1,1,1
it_1431,it,0,1,1,1,1,1,1,1
it_554,it,0,0,1,1,0,0,0,0
it_938,it,0,0,0,1,0,1,0,0
it_1581,it,0,0,0,1,0,0,0,0
it_23,it,1,0,0,1,1,0,0,1
it_1287,it,1,0,1,1,0,0,0,0
it_863,it,0,1,1,1,1,1,1,1
it_1588,it,0,0,0,1,1,1,0,0
it_1671,it,0,1,1,1,1,1,0,1
it_1604,it,0,0,0,0,0,0,0,0
it_1605,it,0,1,1,1,1,1,1,1
it_830,it,0,0,0,1,0,0,0,0
it_359,it,0,1,0,1,0,0,0,0
it_1218,it,0,0,1,1,1,1,0,0
it_257,it,0,1,1,1,1,1,1,1
it_385,it,0,0,0,1,1,0,0,0
it_1616,it,1,0,0,1,0,0,0,0
it_1615,it,0,0,1,1,0,0,0,0
it_7,it,0,1,1,1,1,1,1,0
it_1482,it,0,0,1,1,0,0,0,0
it_1262,it,1,1,1,1,1,1,1,1
it_1125,it,0,1,0,1,1,1,1,0
it_972,it,0,0,0,1,0,1,0,1
it_928,it,0,0,0,1,0,1,0,1
it_1678,it,0,1,1,1,0,1,0,1
it_1522,it,0,0,1,1,0,1,0,0
it_1661,it,0,0,1,1,1,0,0,1
it_1281,it,0,1,1,1,0,0,0,0
it_448,it,1,0,0,1,0,0,0,0
it_1059,it,0,0,0,1,0,0,1,1
it_959,it,1,0,0,1,0,0,0,0
it_1349,it,0,0,0,1,0,0,0,0
it_541,it,0,1,1,1,1,1,1,1
it_1632,it,0,1,1,1,1,0,1,1
it_1636,it,0,0,1,1,1,1,1,1
it_1789,it,1,0,0,1,0,0,0,0
it_1543,it,1,1,0,1,0,0,0,0
it_1402,it,1,0,0,1,0,0,1,1
it_770,it,0,0,1,1,0,0,0,0
it_1559,it,0,1,1,1,1,0,1,1
it_926,it,0,1,1,1,1,1,0,1
it_172,it,0,0,0,1,0,0,0,0
it_1805,it,1,0,1,1,0,0,0,0
it_968,it,0,1,1,1,1,1,1,1
it_19,it,0,0,1,1,0,0,1,0
it_1250,it,0,0,0,1,0,0,0,0
it_1283,it,0,0,1,1,0,0,0,0
it_490,it,0,0,1,1,1,1,0,0
it_925,it,1,0,0,1,0,0,0,0
it_181,it,0,0,0,1,1,1,1,1
it_634,it,1,1,1,1,1,1,1,1
it_192,it,0,0,1,1,0,1,1,0
it_1462,it,0,0,0,1,0,0,0,0
it_618,it,0,0,1,1,0,0,0,0
it_493,it,1,1,1,1,1,1,1,1
it_772,it,0,1,1,1,0,0,0,0
it_1733,it,0,0,0,1,0,0,0,0
it_1741,it,0,0,1,1,0,0,1,0
it_135,it,0,0,0,1,0,1,0,1
it_403,it,1,1,1,1,1,1,1,1
it_1193,it,0,1,1,1,1,1,1,1
it_1399,it,1,0,1,1,0,0,0,0
it_473,it,1,1,1,1,1,1,1,1
it_838,it,1,0,0,1,0,0,0,0
it_1452,it,0,1,0,1,0,0,0,1
it_555,it,0,1,1,1,1,1,0,1
it_860,it,0,1,1,1,1,1,1,1
it_38,it,0,0,0,1,0,0,0,0
it_1253,it,0,1,1,1,1,0,0,0
it_1335,it,0,0,1,1,1,0,0,1
it_1388,it,0,1,1,1,0,1,0,1
it_1109,it,0,0,0,0,0,0,0,0
it_1505,it,0,0,0,1,0,0,0,0
it_134,it,1,0,0,1,0,0,0,1
it_1177,it,0,0,0,1,0,0,0,0
it_839,it,0,0,1,1,0,0,0,0
it_829,it,0,0,0,1,0,0,0,0
it_1306,it,0,0,0,1,1,0,0,0
it_1775,it,1,0,1,1,0,0,0,0
it_1352,it,1,0,1,1,0,0,0,0
it_1199,it,0,1,1,1,1,1,1,1
it_1639,it,0,0,1,1,0,0,0,0
it_111,it,0,1,1,1,1,1,1,1
it_1778,it,0,0,1,1,1,1,0,1
it_1373,it,0,0,0,1,0,0,0,0
it_367,it,1,1,1,1,1,0,1,1
it_757,it,0,0,0,1,0,0,0,0
it_307,it,0,0,1,1,0,1,0,0
it_1142,it,0,1,1,1,1,1,0,0
it_509,it,0,0,1,0,1,1,0,1
it_1385,it,0,0,0,1,0,0,0,0
it_744,it,0,0,0,1,0,0,0,0
it_1062,it,0,0,0,1,0,0,0,0
it_1161,it,0,1,1,1,0,1,0,0
it_529,it,0,0,0,1,1,1,0,0
it_1627,it,0,1,1,1,1,1,1,1
it_408,it,0,1,1,1,1,1,1,0
it_641,it,0,0,1,1,1,1,1,1
it_958,it,0,0,0,1,0,0,0,0
it_962,it,0,0,1,1,1,0,0,1
it_432,it,0,0,1,1,1,1,1,1
it_817,it,0,0,1,1,1,1,1,1
it_507,it,1,1,1,1,1,1,0,1
it_1166,it,0,0,1,1,0,0,0,1
it_226,it,1,1,1,1,1,1,1,1
it_1264,it,0,0,1,1,1,1,0,0
it_940,it,0,0,0,1,1,1,0,1
it_1036,it,0,1,0,1,1,0,1,0
it_1783,it,0,1,1,1,0,1,1,0
it_1054,it,0,0,0,1,0,0,0,0
it_447,it,0,0,0,0,0,0,0,0
it_1801,it,0,0,0,1,1,0,0,0
it_749,it,0,0,0,1,0,0,0,0
it_1123,it,0,0,0,1,1,1,1,0
it_1197,it,1,1,1,1,1,1,1,1
it_1648,it,0,0,1,1,0,0,0,1
it_874,it,1,1,1,1,1,1,1,1
it_1530,it,0,0,0,1,0,0,0,1
it_935,it,0,0,0,1,0,0,0,0
it_293,it,0,1,1,1,1,1,0,1
it_532,it,0,1,0,1,1,1,1,1
it_794,it,0,0,0,1,0,0,0,0
it_1669,it,0,1,1,1,1,1,1,1
it_792,it,0,0,1,1,0,0,0,0
it_901,it,0,0,0,1,0,0,0,0
it_1246,it,0,1,1,1,1,1,1,1
it_1271,it,0,0,0,1,0,0,0,0
it_1296,it,0,0,1,1,1,1,1,1
it_1035,it,0,0,0,1,0,0,0,0
it_795,it,0,1,0,1,1,1,1,1
it_345,it,0,0,0,1,0,0,0,0
it_1642,it,0,0,0,1,0,0,0,0
it_1501,it,0,0,0,1,0,0,0,0
it_939,it,0,0,1,1,1,1,1,0
it_1021,it,0,1,1,1,1,0,1,1
it_1408,it,1,0,0,1,0,0,0,0
it_1025,it,0,0,0,1,0,0,0,0
it_712,it,0,0,0,1,0,1,1,0
it_1331,it,0,1,1,1,1,1,1,0
it_261,it,0,0,0,1,0,0,0,0
it_1711,it,0,0,1,1,1,0,0,0
it_1160,it,0,0,0,1,1,1,1,0
it_346,it,1,1,1,1,1,1,1,1
it_1504,it,0,0,0,1,0,0,0,0
it_915,it,0,1,1,1,1,1,1,1
it_404,it,0,0,0,1,0,0,0,0
it_1500,it,1,0,1,1,0,0,0,1
it_1786,it,0,0,0,1,0,0,0,0
it_1351,it,0,1,1,1,1,1,0,0
it_139,it,0,0,1,1,0,1,1,1
it_73,it,0,1,1,1,0,0,0,0
it_1167,it,0,0,1,1,0,1,0,0
it_1579,it,0,1,1,1,1,0,1,0
it_182,it,0,0,1,1,0,1,0,1
it_1202,it,0,1,1,1,1,1,1,1
it_1087,it,0,1,1,1,1,1,1,1
it_236,it,0,0,0,1,1,1,0,1
it_1529,it,0,0,0,1,0,0,0,0
it_865,it,0,0,1,1,1,1,0,1
it_1374,it,0,0,0,1,0,1,1,0
it_144,it,0,0,1,1,1,0,0,0
it_1247,it,0,0,1,1,0,0,0,0
it_1628,it,1,0,0,1,0,0,0,1
it_644,it,1,0,0,1,0,0,0,0
it_466,it,0,1,1,1,1,1,0,0
it_597,it,0,1,1,1,1,1,1,1
it_220,it,0,1,1,1,1,1,1,1
it_1429,it,0,1,1,1,1,1,1,1
it_872,it,0,1,0,1,1,1,1,0
it_768,it,0,1,1,1,0,1,1,0
it_544,it,1,1,1,1,1,1,1,1
it_30,it,0,1,1,1,1,1,1,1
it_1566,it,1,1,1,1,1,1,0,1
it_562,it,1,0,0,1,0,0,0,0
it_1075,it,1,0,1,1,0,0,0,0
it_63,it,0,0,0,1,0,0,0,0
it_924,it,0,1,1,1,1,1,1,1
it_1056,it,1,0,1,1,0,0,1,0
it_811,it,0,0,0,1,1,1,0,1
it_472,it,0,1,0,1,0,0,1,0
it_341,it,1,0,1,1,0,0,0,0
it_158,it,1,0,1,1,0,0,0,0
it_34,it,1,0,1,1,0,0,0,0
it_570,it,0,0,0,0,0,0,0,0
it_1551,it,1,1,1,1,1,1,1,1
it_14,it,0,0,0,1,0,0,0,0
it_1749,it,1,0,0,1,0,0,0,0
it_1743,it,0,0,0,1,0,0,0,0
it_611,it,0,1,1,1,1,1,1,1
it_1085,it,1,0,0,1,0,0,0,0
it_436,it,1,1,1,1,1,1,1,1
it_484,it,0,1,1,1,1,1,1,1
it_1765,it,0,1,0,1,1,1,1,1
it_988,it,0,1,1,1,1,1,1,1
it_1450,it,0,0,1,1,0,0,0,0
it_758,it,1,0,1,1,1,0,0,1
it_479,it,0,1,0,1,1,1,1,1
it_335,it,0,0,1,1,0,0,0,0
it_129,it,0,1,1,1,1,1,1,1
it_1739,it,0,0,1,1,1,1,0,1
it_574,it,0,1,0,1,0,1,1,1
it_657,it,0,1,1,1,0,0,0,0
it_796,it,0,0,1,1,0,0,0,0
it_656,it,0,0,0,1,0,1,1,1
it_443,it,0,0,0,1,1,1,1,0
it_1583,it,1,1,1,1,1,1,0,1
it_1238,it,0,0,0,1,0,0,0,0
it_258,it,0,0,0,1,0,0,0,0
it_310,it,1,0,1,1,1,1,0,1
it_961,it,1,0,0,1,0,0,0,0
it_752,it,0,0,1,1,0,1,0,1
it_1032,it,0,0,0,1,0,0,0,0
it_727,it,1,0,1,1,1,0,0,1
it_912,it,0,0,0,1,1,1,1,1
it_454,it,0,0,1,1,1,1,0,0
it_1766,it,0,1,1,1,1,1,1,1
it_559,it,0,1,1,1,1,1,1,0
it_558,it,0,0,1,1,0,0,0,0
it_1473,it,0,0,1,1,0,1,1,1
it_774,it,1,0,1,1,0,0,0,0
it_538,it,1,0,0,1,0,0,0,0
it_1310,it,1,0,0,1,0,0,0,0
it_813,it,1,0,0,1,0,0,0,0
it_663,it,0,0,1,1,1,0,0,1
it_270,it,0,0,1,1,0,1,1,0
it_599,it,0,0,0,1,0,0,0,0
it_1346,it,0,0,0,1,0,1,0,0
it_119,it,1,0,0,1,0,0,0,0
it_1241,it,0,0,0,1,0,0,0,0
it_976,it,0,0,0,1,0,0,0,0
it_1424,it,0,1,1,1,1,1,1,1
it_1013,it,1,1,0,1,0,0,1,0
it_1419,it,0,0,1,1,1,1,1,1
it_343,it,0,0,0,1,0,0,0,0
it_460,it,0,1,1,1,1,1,1,1
it_104,it,0,0,1,1,0,0,0,0
it_339,it,0,0,1,1,0,1,0,0
it_881,it,1,0,0,1,0,0,0,0
it_526,it,0,1,1,1,1,1,1,1
it_945,it,1,0,0,1,0,1,0,0
it_603,it,0,0,0,1,0,0,0,1
it_888,it,0,1,1,1,0,1,0,1
it_120,it,0,0,1,1,0,0,0,0
it_286,it,1,1,1,1,0,1,0,0
it_245,it,0,0,0,1,0,0,0,0
it_763,it,0,0,0,1,0,1,0,0
it_723,it,0,0,0,1,0,0,0,0
it_654,it,0,0,0,1,1,0,1,0
it_59,it,0,1,1,1,1,1,1,1
it_124,it,0,1,1,1,1,1,1,1
it_146,it,0,1,1,1,1,0,1,0
it_1045,it,0,1,1,1,1,0,0,1
it_97,it,0,0,0,1,0,1,0,0
it_288,it,0,0,0,1,0,1,1,0
it_1157,it,0,0,0,1,0,0,0,0
it_1256,it,0,1,1,1,1,1,1,1
it_319,it,0,0,1,1,0,0,0,0
it_1377,it,0,0,0,1,0,0,0,0
it_1012,it,0,1,1,1,1,1,1,1
it_1300,it,0,1,0,1,1,0,0,0
it_298,it,0,0,1,1,0,0,0,0
it_170,it,0,1,1,1,1,1,0,0
it_781,it,0,1,1,1,1,1,1,1
it_1728,it,0,0,1,1,0,0,0,0
it_1577,it,0,1,1,1,1,1,1,1
it_485,it,0,0,1,1,0,1,0,1
it_689,it,0,1,1,1,1,1,1,1
it_67,it,0,0,1,1,1,1,0,1
it_1631,it,0,0,0,1,0,1,0,0
it_419,it,0,1,1,1,1,1,1,1
it_688,it,0,0,0,1,0,1,0,0
it_156,it,0,0,0,1,1,1,0,1
it_427,it,1,0,0,1,0,0,0,0
it_666,it,0,0,1,1,0,0,0,0
it_1445,it,0,1,1,1,1,1,1,1
it_1413,it,0,0,0,1,0,0,0,0
it_439,it,0,0,1,1,0,1,0,0
it_398,it,0,1,1,1,1,1,1,1
it_1230,it,1,1,1,1,1,1,1,1
it_1761,it,1,1,0,1,1,1,0,1
it_1737,it,0,0,0,1,0,0,0,0
it_252,it,0,1,1,1,1,1,1,0
it_79,it,0,0,1,1,0,0,0,1
it_1736,it,0,1,0,0,1,1,0,0
it_1295,it,1,0,0,1,0,0,0,0
it_1675,it,0,0,0,1,0,0,0,0
it_297,it,0,1,1,1,1,1,1,1
it_601,it,0,1,1,1,1,1,1,1
it_126,it,0,0,1,1,0,0,0,0
it_823,it,0,0,1,1,0,0,0,0
it_1316,it,0,0,1,1,0,1,1,0
it_1459,it,0,0,1,1,1,1,1,1
it_328,it,0,1,1,1,1,0,0,0
it_533,it,0,1,0,1,1,1,1,1
it_877,it,0,0,0,1,0,0,0,0
it_0,it,1,1,1,1,1,1,1,1
it_1274,it,0,0,0,1,0,0,0,0
it_1549,it,1,0,1,1,0,0,0,0
it_909,it,0,0,1,1,1,1,1,1
it_1398,it,0,0,1,1,0,0,0,0
it_452,it,0,0,1,1,0,0,0,0
it_1565,it,0,1,1,1,1,0,1,1
it_551,it,0,1,1,1,0,1,1,0
it_302,it,1,1,0,1,0,0,0,0
it_1379,it,0,1,0,1,1,1,1,1
it_1715,it,0,1,1,1,1,1,1,1
it_433,it,0,1,1,1,1,0,1,1
it_1439,it,0,1,1,1,1,1,1,1
it_731,it,0,1,0,0,1,1,1,1
it_664,it,0,0,1,1,1,1,1,1
it_1041,it,0,0,0,1,0,0,0,0
it_518,it,1,0,0,1,0,0,0,0
it_387,it,0,0,1,1,0,0,0,0
it_1268,it,1,0,1,1,0,0,1,1
it_271,it,0,0,1,1,1,0,1,0
it_1745,it,0,0,1,1,0,0,0,0
it_670,it,0,0,0,1,0,0,0,0
it_607,it,0,0,1,1,0,0,0,0
it_1568,it,0,0,0,1,0,1,1,0
it_1003,it,1,0,0,1,0,0,0,0
it_1674,it,0,1,0,1,1,1,1,0
it_1447,it,0,1,0,1,1,1,0,1
it_450,it,0,0,1,1,1,0,0,0
it_1705,it,0,0,0,1,0,0,0,0
it_1687,it,0,0,1,1,0,1,1,0
it_1327,it,0,0,1,1,1,0,0,0
it_66,it,0,1,1,1,1,1,1,1
it_1358,it,0,0,0,1,0,1,0,1
it_784,it,1,0,0,1,0,0,0,0
it_1593,it,1,0,1,1,0,0,1,0
it_1240,it,0,1,1,1,1,1,1,0
it_1416,it,1,0,0,1,0,0,0,0
it_565,it,0,0,1,1,1,0,0,1
it_1363,it,0,0,0,1,0,0,0,0
it_831,it,0,0,0,1,1,0,0,0
it_896,it,0,1,1,1,1,1,0,0
it_1252,it,0,0,1,1,0,0,0,0
it_1652,it,0,1,1,1,1,1,1,1
it_1763,it,0,0,1,1,0,1,0,0
it_1794,it,0,0,0,1,0,0,0,0
it_735,it,0,0,0,1,0,0,0,0
it_667,it,1,0,1,1,0,0,0,1
it_434,it,0,1,0,1,1,1,1,0
it_374,it,0,0,0,1,0,0,0,0
it_1595,it,0,0,1,1,1,1,0,1
it_1407,it,0,0,1,1,1,1,0,1
it_1802,it,0,1,1,1,0,1,1,1
it_1546,it,0,1,1,1,1,1,1,1
it_337,it,0,0,0,1,0,0,0,0
it_1357,it,1,0,0,1,0,0,0,0
it_1792,it,0,0,0,1,0,0,0,0
it_740,it,0,0,0,1,0,0,0,0
it_1606,it,1,0,1,1,0,0,0,1
it_1299,it,0,1,1,1,1,1,1,1
it_9,it,0,1,1,1,1,1,1,1
it_563,it,0,0,0,1,0,0,0,0
it_1051,it,0,1,0,1,1,0,0,1
it_824,it,0,0,1,1,1,0,0,1
it_1065,it,0,1,1,1,1,0,0,0
it_1162,it,0,1,1,1,1,0,0,1
it_629,it,0,0,1,1,0,1,0,0
it_401,it,0,0,1,1,1,0,0,1
it_76,it,0,1,1,1,0,1,1,1
it_678,it,0,0,1,1,1,1,0,1
it_1657,it,0,1,1,1,1,1,1,0
it_579,it,1,0,1,1,0,0,0,1
it_517,it,0,0,0,1,0,0,0,0
it_803,it,0,0,0,1,0,0,0,0
it_1555,it,0,0,1,1,1,0,0,1
it_1322,it,0,0,0,1,0,0,0,0
it_1117,it,0,0,1,1,1,1,1,1
it_458,it,0,0,0,1,0,0,0,0
it_1208,it,0,0,0,1,0,0,0,0
it_623,it,0,0,1,1,1,1,0,0
it_1191,it,0,1,1,1,1,1,1,1
it_1348,it,0,0,0,1,0,0,0,0
it_364,it,1,1,1,1,0,0,0,0
it_1752,it,0,0,0,1,0,0,0,0
it_1243,it,1,1,1,1,1,1,1,1
it_317,it,0,1,1,1,1,1,1,1
it_591,it,1,0,1,1,1,1,0,1
it_1567,it,1,0,0,1,0,0,0,0
it_1688,it,0,0,1,1,0,0,0,0
it_837,it,0,1,1,1,1,1,1,1
it_1492,it,0,1,1,1,1,1,1,1
it_227,it,0,0,1,1,0,0,0,0
it_1088,it,0,0,0,1,0,0,0,0
it_416,it,1,0,0,1,0,0,0,0
it_173,it,0,0,1,0,0,0,0,0
it_684,it,0,0,1,1,1,1,0,1
it_1153,it,0,0,1,1,1,1,1,1
it_878,it,1,0,0,1,0,0,0,0
it_1469,it,0,0,1,1,0,0,0,0
it_1,it,0,0,0,1,0,0,0,0
it_1018,it,0,0,1,1,0,0,0,0
it_528,it,0,0,0,1,0,0,0,0
it_106,it,0,0,0,1,0,0,0,0
it_1114,it,0,0,1,1,0,0,1,0
it_1591,it,1,0,0,1,0,0,0,0
it_879,it,0,0,0,1,0,0,0,1
it_71,it,1,0,0,1,0,0,0,0
it_384,it,0,0,0,1,0,0,0,0
it_707,it,0,0,1,0,1,1,0,0
it_1411,it,0,0,0,0,1,0,0,1
it_294,it,0,0,1,1,1,1,1,0
it_539,it,0,1,1,1,0,1,1,1
it_382,it,1,0,0,1,0,0,0,0
it_280,it,0,1,1,1,1,1,1,1
it_1291,it,0,1,1,1,1,1,1,1
it_1173,it,0,0,0,1,0,0,0,0
it_219,it,0,1,1,1,1,1,1,1
it_832,it,0,0,1,1,1,0,0,1
it_137,it,0,1,1,1,1,1,1,0
it_1422,it,0,1,1,1,1,1,0,0
it_1472,it,0,0,0,1,0,0,0,0
it_1381,it,1,0,0,1,0,0,0,0
it_1361,it,0,0,0,1,0,0,0,0
it_809,it,0,1,1,1,1,1,1,1
it_457,it,0,1,1,1,1,1,1,1
it_216,it,0,0,0,1,0,0,0,0
it_231,it,0,0,1,1,1,1,1,0
it_1599,it,0,0,0,1,1,1,0,0
it_867,it,1,0,1,1,1,0,1,1
it_557,it,0,0,0,1,0,0,0,0
it_1458,it,0,0,0,1,0,1,0,1
it_908,it,0,0,0,1,0,0,0,0
it_900,it,0,0,1,1,0,1,0,0
it_1544,it,0,0,0,1,0,0,0,0
it_675,it,1,0,1,1,1,0,1,1
it_91,it,0,1,1,1,1,1,0,1
it_414,it,0,0,1,1,1,1,0,1
it_1709,it,0,0,0,1,1,0,0,1
it_1434,it,0,0,1,1,1,0,0,0
it_1304,it,0,1,0,1,1,1,1,1
it_1658,it,0,0,0,1,0,0,0,0
it_1188,it,1,1,1,1,1,1,1,1
it_428,it,0,0,0,0,0,1,0,0
it_1340,it,0,0,0,1,0,1,0,0
it_595,it,0,0,1,1,0,0,1,0
it_844,it,0,0,0,1,0,0,1,0
it_1216,it,0,1,1,1,1,1,1,1
it_521,it,1,0,0,1,0,0,0,1
